gene	measurement	pd_up1	pd_up2	pd_up3	pd_up4	outlier_threshold1	outlier_threshold2	outlier_threshold3	outlier_threshold4	accuracy_threshold1	accuracy_threshold2	accuracy_threshold3	accuracy_threshold4	percent_accurate_mean1	percent_accurate_mean2	percent_accurate_mean3	percent_accurate_mean4	percent_accurate_min1	percent_accurate_min2	percent_accurate_min3	percent_accurate_min4	percent_accurate_max1	percent_accurate_max2	percent_accurate_max3	percent_accurate_max4	percent_accurate1_S1	percent_accurate1_S2	percent_accurate1_S3	percent_accurate1_S4	percent_accurate1_S5	percent_accurate2_S1	percent_accurate2_S2	percent_accurate2_S3	percent_accurate2_S4	percent_accurate2_S5	percent_accurate3_S1	percent_accurate3_S2	percent_accurate3_S3	percent_accurate3_S4	percent_accurate3_S5	percent_accurate4_S1	percent_accurate4_S2	percent_accurate4_S3	percent_accurate4_S4	percent_accurate4_S5
AAMP	7.73761916729	TRUE	TRUE	FALSE	FALSE	7.57869845628738	7.71131885051727	NA	7.92496514320374	2.053870933250911	0.3399019285403931	NA	NA	99.91368705684026	90.65327616744308	NA	NA	99.80430528375733	86.99551569506725	NA	NA	100	96.34433962264151	NA	NA	99.88789237668162	100	99.87623762376238	99.80430528375733	100	86.99551569506725	96.34433962264151	94.80198019801979	87.866927592955	87.25761772853186	NA	NA	NA	NA	NA	NA	NA	NA	NA	NA
ABCF1	7.3889644159	TRUE	TRUE	FALSE	TRUE	6.76590180397034	6.63542461395264	NA	6.71941351890564	8.4323401340101	10.198178791142228	NA	9.061498463216068	100	100	NA	100	100	100	NA	100	100	100	NA	100	100	100	100	100	100	100	100	100	100	100	NA	NA	NA	NA	NA	100	100	100	100	100
ABCF2	6.42122329923	TRUE	FALSE	FALSE	TRUE	6.1809201836586	6.42877733707428	NA	6.35233783721924	3.742326101635747	NA	NA	1.072777861798087	99.7199970382438	NA	NA	95.09693485274717	99.43105756358769	NA	NA	92.904953145917	99.86508364813815	NA	NA	98.1651376146789	99.43105756358769	99.80066445182725	99.86508364813815	99.74619289340102	99.75698663426489	NA	NA	NA	NA	NA	NA	NA	NA	NA	NA	92.904953145917	98.00664451827242	98.1651376146789	93.0908065425832	93.31713244228432
AC132217.4	10.4058647572	FALSE	TRUE	FALSE	TRUE	22.1237854361534	7.06800585985184	NA	9.2644122838974	NA	32.07670842578111	NA	10.969318744151552	NA	100	NA	100	NA	100	NA	100	NA	100	NA	100	NA	NA	NA	NA	NA	100	100	100	100	100	NA	NA	NA	NA	NA	100	100	100	100	100
ACIN1	8.55378286605	FALSE	TRUE	FALSE	TRUE	9.06489157676697	7.89506947994232	NA	7.97195982933044	NA	7.700842965305045	NA	6.801938345066228	NA	100	NA	99.98043052837573	NA	100	NA	99.90215264187867	NA	100	NA	100	NA	NA	NA	NA	NA	100	100	100	100	100	NA	NA	NA	NA	NA	100	100	100	99.90215264187867	100
ACOT13	6.18626283567	TRUE	TRUE	FALSE	TRUE	5.61808627843857	5.51891356706619	NA	5.72479069232941	9.184487829313092	10.787599659617971	NA	7.459627170700552	NA	NA	NA	NA	NA	NA	NA	NA	NA	NA	NA	NA	NA	NA	NA	NA	NA	NA	NA	NA	NA	NA	NA	NA	NA	NA	NA	NA	NA	NA	NA	NA
ACP1	8.55378286605	TRUE	TRUE	FALSE	TRUE	7.78185939788818	7.04498171806335	NA	7.38118648529053	9.024351918325952	17.6389928481244	NA	13.708512352043792	NA	NA	NA	NA	NA	NA	NA	NA	NA	NA	NA	NA	NA	NA	NA	NA	NA	NA	NA	NA	NA	NA	NA	NA	NA	NA	NA	NA	NA	NA	NA	NA
ADAT1	6.06458110919	TRUE	TRUE	FALSE	TRUE	5.8432708978653	5.75340032577515	NA	5.88030672073364	3.6492250221426854	5.1311175135130105	NA	3.0385344863657355	NA	NA	NA	NA	NA	NA	NA	NA	NA	NA	NA	NA	NA	NA	NA	NA	NA	NA	NA	NA	NA	NA	NA	NA	NA	NA	NA	NA	NA	NA	NA	NA
ADGRA2	5.9724629072	FALSE	TRUE	FALSE	TRUE	9.04943957924843	4.21948349475861	NA	5.76781904697418	NA	29.351030549358708	NA	3.426456780152029	NA	NA	NA	NA	NA	NA	NA	NA	NA	NA	NA	NA	NA	NA	NA	NA	NA	NA	NA	NA	NA	NA	NA	NA	NA	NA	NA	NA	NA	NA	NA	NA
AFG3L2	5.98276546258	FALSE	TRUE	FALSE	TRUE	6.26613712310791	5.87802541255951	NA	5.94074320793152	NA	1.750696240318965	NA	0.7023884675291583	NA	NA	NA	NA	NA	NA	NA	NA	NA	NA	NA	NA	NA	NA	NA	NA	NA	NA	NA	NA	NA	NA	NA	NA	NA	NA	NA	NA	NA	NA	NA	NA
AGBL5	6.23610988989	TRUE	TRUE	FALSE	TRUE	6.03877910971642	5.32619214057922	NA	5.73353791236877	3.1643249342589876	14.59111153230223	NA	8.059062242248185	NA	NA	NA	NA	NA	NA	NA	NA	NA	NA	NA	NA	NA	NA	NA	NA	NA	NA	NA	NA	NA	NA	NA	NA	NA	NA	NA	NA	NA	NA	NA	NA
ALDH1A2	8.43475331138	TRUE	TRUE	FALSE	TRUE	5.7542672380805	3.19205105304718	NA	4.23186355829239	31.779068982172156	62.15596431563056	NA	49.82824746536636	NA	NA	NA	NA	NA	NA	NA	NA	NA	NA	NA	NA	NA	NA	NA	NA	NA	NA	NA	NA	NA	NA	NA	NA	NA	NA	NA	NA	NA	NA	NA	NA
ALG13	6.037382222	FALSE	TRUE	FALSE	TRUE	6.22720158100128	5.85883224010468	NA	5.85191655158997	NA	2.957407288951997	NA	3.071955088982098	NA	NA	NA	NA	NA	NA	NA	NA	NA	NA	NA	NA	NA	NA	NA	NA	NA	NA	NA	NA	NA	NA	NA	NA	NA	NA	NA	NA	NA	NA	NA	NA
ANP32E	7.16510798514	FALSE	TRUE	FALSE	TRUE	7.22013020515442	6.35570335388184	NA	6.77744245529175	NA	11.296474985957163	NA	5.4104631870481885	NA	NA	NA	NA	NA	NA	NA	NA	NA	NA	NA	NA	NA	NA	NA	NA	NA	NA	NA	NA	NA	NA	NA	NA	NA	NA	NA	NA	NA	NA	NA	NA
AP1G2	6.92599941856	FALSE	TRUE	FALSE	TRUE	7.42584878206253	6.37555944919586	NA	6.76448714733124	NA	7.947444637218625	NA	2.33197061489706	NA	NA	NA	NA	NA	NA	NA	NA	NA	NA	NA	NA	NA	NA	NA	NA	NA	NA	NA	NA	NA	NA	NA	NA	NA	NA	NA	NA	NA	NA	NA	NA
APEX1	9.17572418538	TRUE	TRUE	FALSE	TRUE	8.82619100809097	8.67678701877594	NA	8.92108726501465	3.8093252393740653	5.437578075843147	NA	2.7751152412696936	NA	NA	NA	NA	NA	NA	NA	NA	NA	NA	NA	NA	NA	NA	NA	NA	NA	NA	NA	NA	NA	NA	NA	NA	NA	NA	NA	NA	NA	NA	NA	NA
ARF1	9.14065086038	FALSE	TRUE	FALSE	TRUE	9.47817540168762	8.97709095478058	NA	9.14064478874207	NA	1.7893682637892507	NA	6.642456889745238e-5	NA	NA	NA	NA	NA	NA	NA	NA	NA	NA	NA	NA	NA	NA	NA	NA	NA	NA	NA	NA	NA	NA	NA	NA	NA	NA	NA	NA	NA	NA	NA	NA
ARHGAP4	7.15694262091	FALSE	TRUE	FALSE	TRUE	8.298603951931	6.37262630462646	NA	6.40349900722504	NA	10.958818001307577	NA	10.527450806768657	NA	NA	NA	NA	NA	NA	NA	NA	NA	NA	NA	NA	NA	NA	NA	NA	NA	NA	NA	NA	NA	NA	NA	NA	NA	NA	NA	NA	NA	NA	NA	NA
ARL16	6.67341508722	FALSE	TRUE	FALSE	TRUE	6.68806660175323	6.51483356952667	NA	6.54834246635437	NA	2.376317307116473	NA	1.8741921374732418	NA	NA	NA	NA	NA	NA	NA	NA	NA	NA	NA	NA	NA	NA	NA	NA	NA	NA	NA	NA	NA	NA	NA	NA	NA	NA	NA	NA	NA	NA	NA	NA
ASH2L	5.91097245166	FALSE	TRUE	FALSE	TRUE	6.91095560789108	5.77883732318878	NA	5.89239287376404	NA	2.2354211519648044	NA	0.3143235406340381	NA	NA	NA	NA	NA	NA	NA	NA	NA	NA	NA	NA	NA	NA	NA	NA	NA	NA	NA	NA	NA	NA	NA	NA	NA	NA	NA	NA	NA	NA	NA	NA
ATAD3A	6.45975946662	FALSE	TRUE	FALSE	TRUE	6.48887920379639	5.98176997900009	NA	6.05776810646057	NA	7.399493589348966	NA	6.223008182219003	NA	NA	NA	NA	NA	NA	NA	NA	NA	NA	NA	NA	NA	NA	NA	NA	NA	NA	NA	NA	NA	NA	NA	NA	NA	NA	NA	NA	NA	NA	NA	NA
ATAD3B	5.76606505147	FALSE	TRUE	FALSE	TRUE	6.6605170071125	5.4379797577858	NA	5.50942468643188	NA	5.6899339628601355	NA	4.45087529792422	NA	NA	NA	NA	NA	NA	NA	NA	NA	NA	NA	NA	NA	NA	NA	NA	NA	NA	NA	NA	NA	NA	NA	NA	NA	NA	NA	NA	NA	NA	NA	NA
ATG4B	7.04581425619	FALSE	TRUE	FALSE	TRUE	7.57583349943161	6.92261695861816	NA	6.96484017372131	NA	1.7485175324286621	NA	1.1492508817919993	NA	NA	NA	NA	NA	NA	NA	NA	NA	NA	NA	NA	NA	NA	NA	NA	NA	NA	NA	NA	NA	NA	NA	NA	NA	NA	NA	NA	NA	NA	NA	NA
ATPAF2	5.96092866731	TRUE	TRUE	FALSE	TRUE	5.77264702320099	5.41078317165375	NA	5.40398097038269	3.1585958265455427	9.229191059998293	NA	9.343304173083563	NA	NA	NA	NA	NA	NA	NA	NA	NA	NA	NA	NA	NA	NA	NA	NA	NA	NA	NA	NA	NA	NA	NA	NA	NA	NA	NA	NA	NA	NA	NA	NA
BAZ1A	6.05745027218	TRUE	TRUE	FALSE	TRUE	5.89533621072769	5.00908023118973	NA	5.44077789783478	2.6762755642724736	17.307117580562075	NA	10.180395160277353	NA	NA	NA	NA	NA	NA	NA	NA	NA	NA	NA	NA	NA	NA	NA	NA	NA	NA	NA	NA	NA	NA	NA	NA	NA	NA	NA	NA	NA	NA	NA	NA
BCLAF1	7.94673086014	TRUE	TRUE	FALSE	TRUE	7.88585311174393	7.45433759689331	NA	7.69824695587158	0.7660728602427789	6.196173897325314	NA	3.126869509508491	NA	NA	NA	NA	NA	NA	NA	NA	NA	NA	NA	NA	NA	NA	NA	NA	NA	NA	NA	NA	NA	NA	NA	NA	NA	NA	NA	NA	NA	NA	NA	NA
BLMH	6.53543091487	FALSE	TRUE	FALSE	TRUE	6.55533003807068	6.08741736412048	NA	6.3322594165802	NA	6.855149363298439	NA	3.1087697343342087	NA	NA	NA	NA	NA	NA	NA	NA	NA	NA	NA	NA	NA	NA	NA	NA	NA	NA	NA	NA	NA	NA	NA	NA	NA	NA	NA	NA	NA	NA	NA	NA
BOD1	7.61456262282	TRUE	TRUE	FALSE	TRUE	7.41556692123413	7.03047931194305	NA	7.40851640701294	2.6133569509232513	7.670608803275418	NA	2.7059494551868584	NA	NA	NA	NA	NA	NA	NA	NA	NA	NA	NA	NA	NA	NA	NA	NA	NA	NA	NA	NA	NA	NA	NA	NA	NA	NA	NA	NA	NA	NA	NA	NA
BPHL	6.57258654939	TRUE	TRUE	FALSE	TRUE	5.84093201160431	5.73121154308319	NA	5.81497311592102	11.131911801961666	12.801276939972714	NA	11.526868878421915	NA	NA	NA	NA	NA	NA	NA	NA	NA	NA	NA	NA	NA	NA	NA	NA	NA	NA	NA	NA	NA	NA	NA	NA	NA	NA	NA	NA	NA	NA	NA	NA
BRD9	6.42760617278	TRUE	TRUE	FALSE	TRUE	6.10698717832565	5.91020095348358	NA	5.93574452400208	4.988155556451569	8.049734308358186	NA	7.6523302074866475	NA	NA	NA	NA	NA	NA	NA	NA	NA	NA	NA	NA	NA	NA	NA	NA	NA	NA	NA	NA	NA	NA	NA	NA	NA	NA	NA	NA	NA	NA	NA	NA
BRE	6.03121873061	FALSE	TRUE	FALSE	TRUE	6.87412875890732	5.8605545759201	NA	5.85909557342529	NA	2.829679411620996	NA	2.8538702519797536	NA	NA	NA	NA	NA	NA	NA	NA	NA	NA	NA	NA	NA	NA	NA	NA	NA	NA	NA	NA	NA	NA	NA	NA	NA	NA	NA	NA	NA	NA	NA	NA
BRMS1	6.73240488678	FALSE	TRUE	FALSE	TRUE	6.75262248516083	6.2025603055954	NA	6.30054879188538	NA	7.870064116687681	NA	6.41458887510804	NA	NA	NA	NA	NA	NA	NA	NA	NA	NA	NA	NA	NA	NA	NA	NA	NA	NA	NA	NA	NA	NA	NA	NA	NA	NA	NA	NA	NA	NA	NA	NA
C14orf119	6.64212391615	FALSE	TRUE	FALSE	TRUE	7.3858739733696	6.49937212467194	NA	6.55412173271179	NA	2.1491889233045844	NA	1.32491029298982	NA	NA	NA	NA	NA	NA	NA	NA	NA	NA	NA	NA	NA	NA	NA	NA	NA	NA	NA	NA	NA	NA	NA	NA	NA	NA	NA	NA	NA	NA	NA	NA
C14orf166	8.80099693892	TRUE	TRUE	FALSE	TRUE	8.7029305100441	8.16378271579742	NA	8.55773138999939	1.1142650038000528	7.240250480086783	NA	2.7640681005674956	NA	NA	NA	NA	NA	NA	NA	NA	NA	NA	NA	NA	NA	NA	NA	NA	NA	NA	NA	NA	NA	NA	NA	NA	NA	NA	NA	NA	NA	NA	NA	NA
C1orf35	6.26247074299	TRUE	TRUE	FALSE	TRUE	5.85336893796921	5.5240426659584	NA	5.6198251247406	6.532594271657463	11.791321785545607	NA	10.261854220536776	NA	NA	NA	NA	NA	NA	NA	NA	NA	NA	NA	NA	NA	NA	NA	NA	NA	NA	NA	NA	NA	NA	NA	NA	NA	NA	NA	NA	NA	NA	NA	NA
CABYR	5.91241035381	TRUE	TRUE	FALSE	TRUE	5.6827834546566	4.39454400539398	NA	5.13178324699402	3.883811938145109	25.67254736366355	NA	13.203195652902174	NA	NA	NA	NA	NA	NA	NA	NA	NA	NA	NA	NA	NA	NA	NA	NA	NA	NA	NA	NA	NA	NA	NA	NA	NA	NA	NA	NA	NA	NA	NA	NA
CAD	7.07221301224	TRUE	TRUE	FALSE	TRUE	6.88797330856323	6.0718697309494	NA	6.39710068702698	2.605120962249061	14.14469953830984	NA	9.545984037027605	NA	NA	NA	NA	NA	NA	NA	NA	NA	NA	NA	NA	NA	NA	NA	NA	NA	NA	NA	NA	NA	NA	NA	NA	NA	NA	NA	NA	NA	NA	NA	NA
CBWD1	6.90845266927	TRUE	TRUE	FALSE	TRUE	6.55663514137268	5.69846379756927	NA	5.74383306503296	5.092566233568709	17.514614771596708	NA	16.857893655658536	NA	NA	NA	NA	NA	NA	NA	NA	NA	NA	NA	NA	NA	NA	NA	NA	NA	NA	NA	NA	NA	NA	NA	NA	NA	NA	NA	NA	NA	NA	NA	NA
CBWD2	6.27705487615	FALSE	TRUE	FALSE	TRUE	6.53517079353333	5.53570020198822	NA	5.55992197990417	NA	11.8105495138906	NA	11.42467144855805	NA	NA	NA	NA	NA	NA	NA	NA	NA	NA	NA	NA	NA	NA	NA	NA	NA	NA	NA	NA	NA	NA	NA	NA	NA	NA	NA	NA	NA	NA	NA	NA
CBWD3	6.20261362015	FALSE	TRUE	FALSE	TRUE	6.63478606939316	5.69971019029617	NA	5.75150418281555	NA	8.107927732594568	NA	7.272892766832392	NA	NA	NA	NA	NA	NA	NA	NA	NA	NA	NA	NA	NA	NA	NA	NA	NA	NA	NA	NA	NA	NA	NA	NA	NA	NA	NA	NA	NA	NA	NA	NA
CBWD5	6.73674015545	FALSE	TRUE	FALSE	TRUE	6.85400587320328	6.30580997467041	NA	6.30118012428284	NA	6.396716673582378	NA	6.465442055306133	NA	NA	NA	NA	NA	NA	NA	NA	NA	NA	NA	NA	NA	NA	NA	NA	NA	NA	NA	NA	NA	NA	NA	NA	NA	NA	NA	NA	NA	NA	NA	NA
CBWD7	6.02680005934	TRUE	TRUE	FALSE	TRUE	5.97641775012016	5.25730621814728	NA	5.16668021678925	0.8359711409665926	12.767867419132342	NA	14.271584158790604	NA	NA	NA	NA	NA	NA	NA	NA	NA	NA	NA	NA	NA	NA	NA	NA	NA	NA	NA	NA	NA	NA	NA	NA	NA	NA	NA	NA	NA	NA	NA	NA
CCDC58	6.72164607842	TRUE	TRUE	FALSE	TRUE	6.42100894451141	5.66317439079285	NA	5.80803775787354	4.4726712832113025	15.74720946741599	NA	13.592032515362881	NA	NA	NA	NA	NA	NA	NA	NA	NA	NA	NA	NA	NA	NA	NA	NA	NA	NA	NA	NA	NA	NA	NA	NA	NA	NA	NA	NA	NA	NA	NA	NA
CCDC86	6.25001411501	TRUE	TRUE	FALSE	TRUE	6.02317100763321	5.507368683815	NA	5.57753539085388	3.629481521201763	11.882300064114526	NA	10.75963528692037	NA	NA	NA	NA	NA	NA	NA	NA	NA	NA	NA	NA	NA	NA	NA	NA	NA	NA	NA	NA	NA	NA	NA	NA	NA	NA	NA	NA	NA	NA	NA	NA
CCNC	6.34872815423	FALSE	TRUE	FALSE	TRUE	6.52628034353256	5.80506205558777	NA	5.90482258796692	NA	8.563386011102054	NA	6.992039279037593	NA	NA	NA	NA	NA	NA	NA	NA	NA	NA	NA	NA	NA	NA	NA	NA	NA	NA	NA	NA	NA	NA	NA	NA	NA	NA	NA	NA	NA	NA	NA	NA
CCNE1	5.76765479824	FALSE	TRUE	FALSE	TRUE	8.37428945302963	3.78033331036568	NA	4.74590170383453	NA	34.4563181638532	NA	17.715226208011924	NA	NA	NA	NA	NA	NA	NA	NA	NA	NA	NA	NA	NA	NA	NA	NA	NA	NA	NA	NA	NA	NA	NA	NA	NA	NA	NA	NA	NA	NA	NA	NA
CCT6A	8.94564866697	TRUE	TRUE	FALSE	TRUE	8.55431264638901	8.51535952091217	NA	8.7554292678833	4.3745963557223	4.810038512316997	NA	2.1263902280115854	NA	NA	NA	NA	NA	NA	NA	NA	NA	NA	NA	NA	NA	NA	NA	NA	NA	NA	NA	NA	NA	NA	NA	NA	NA	NA	NA	NA	NA	NA	NA	NA
CD163L1	5.90953311495	FALSE	TRUE	FALSE	TRUE	6.62641534209251	2.91922128200531	NA	3.09215739369392	NA	50.60149041858768	NA	47.67509829378319	NA	NA	NA	NA	NA	NA	NA	NA	NA	NA	NA	NA	NA	NA	NA	NA	NA	NA	NA	NA	NA	NA	NA	NA	NA	NA	NA	NA	NA	NA	NA	NA
CDC37	8.36439733732	FALSE	TRUE	FALSE	TRUE	8.53857851028442	8.02663207054138	NA	8.05877137184143	NA	4.038130341699449	NA	3.6538910474151796	NA	NA	NA	NA	NA	NA	NA	NA	NA	NA	NA	NA	NA	NA	NA	NA	NA	NA	NA	NA	NA	NA	NA	NA	NA	NA	NA	NA	NA	NA	NA	NA
CDK11A	6.8135246893	FALSE	TRUE	FALSE	TRUE	7.12018513679504	6.56885588169098	NA	6.65295171737671	NA	3.590928612811072	NA	2.356679974689975	NA	NA	NA	NA	NA	NA	NA	NA	NA	NA	NA	NA	NA	NA	NA	NA	NA	NA	NA	NA	NA	NA	NA	NA	NA	NA	NA	NA	NA	NA	NA	NA
CDK11B	6.49281457257	TRUE	TRUE	FALSE	TRUE	6.15672290325165	6.34079587459564	NA	6.27327156066895	5.176363279158273	2.341337431944983	NA	3.38132268290161	NA	NA	NA	NA	NA	NA	NA	NA	NA	NA	NA	NA	NA	NA	NA	NA	NA	NA	NA	NA	NA	NA	NA	NA	NA	NA	NA	NA	NA	NA	NA	NA
CFH	9.33929330018	FALSE	TRUE	FALSE	TRUE	9.94503822922707	6.19667649269104	NA	6.64281594753265	NA	33.649406935623176	NA	28.872391796447587	NA	NA	NA	NA	NA	NA	NA	NA	NA	NA	NA	NA	NA	NA	NA	NA	NA	NA	NA	NA	NA	NA	NA	NA	NA	NA	NA	NA	NA	NA	NA	NA
CHD1L	6.33664044641	TRUE	TRUE	FALSE	TRUE	6.3343340754509	5.71447372436523	NA	5.91956067085266	0.036397377736754305	9.818558072002586	NA	6.582033162282933	NA	NA	NA	NA	NA	NA	NA	NA	NA	NA	NA	NA	NA	NA	NA	NA	NA	NA	NA	NA	NA	NA	NA	NA	NA	NA	NA	NA	NA	NA	NA	NA
CHD8	6.53106949273	TRUE	TRUE	FALSE	TRUE	6.28740829229355	6.28004586696625	NA	6.42383360862732	3.7308009156491018	3.843530160614196	NA	1.6419345135134267	NA	NA	NA	NA	NA	NA	NA	NA	NA	NA	NA	NA	NA	NA	NA	NA	NA	NA	NA	NA	NA	NA	NA	NA	NA	NA	NA	NA	NA	NA	NA	NA
CHMP4A	7.94871764126	TRUE	TRUE	FALSE	TRUE	7.81795930862427	7.13477373123169	NA	7.3471462726593	1.6450242484019404	10.239939909342237	NA	7.5681562202949415	NA	NA	NA	NA	NA	NA	NA	NA	NA	NA	NA	NA	NA	NA	NA	NA	NA	NA	NA	NA	NA	NA	NA	NA	NA	NA	NA	NA	NA	NA	NA	NA
CHTF8	6.70708299177	FALSE	TRUE	FALSE	TRUE	7.08071345090866	6.58203303813934	NA	6.6740026473999	NA	1.8644461949271287	NA	0.49321507443238793	NA	NA	NA	NA	NA	NA	NA	NA	NA	NA	NA	NA	NA	NA	NA	NA	NA	NA	NA	NA	NA	NA	NA	NA	NA	NA	NA	NA	NA	NA	NA	NA
CLPTM1L	7.5892391566	FALSE	TRUE	FALSE	TRUE	8.09735941886902	7.46930932998657	NA	7.43496990203857	NA	1.58026152739083	NA	2.032736765546113	NA	NA	NA	NA	NA	NA	NA	NA	NA	NA	NA	NA	NA	NA	NA	NA	NA	NA	NA	NA	NA	NA	NA	NA	NA	NA	NA	NA	NA	NA	NA	NA
CNOT11	6.66959375119	TRUE	TRUE	FALSE	TRUE	5.81944644451141	5.39784920215607	NA	5.78398275375366	12.74661303811653	19.06779627780213	NA	13.27833494024021	NA	NA	NA	NA	NA	NA	NA	NA	NA	NA	NA	NA	NA	NA	NA	NA	NA	NA	NA	NA	NA	NA	NA	NA	NA	NA	NA	NA	NA	NA	NA	NA
CNOT3	7.30441977532	TRUE	TRUE	FALSE	TRUE	6.60331159830093	6.17864215373993	NA	6.74578976631165	9.598410258237864	15.412279910087054	NA	7.647835504961479	NA	NA	NA	NA	NA	NA	NA	NA	NA	NA	NA	NA	NA	NA	NA	NA	NA	NA	NA	NA	NA	NA	NA	NA	NA	NA	NA	NA	NA	NA	NA	NA
CNOT7	7.10129288755	FALSE	TRUE	FALSE	TRUE	7.48109465837479	6.48837089538574	NA	6.93557715415955	NA	8.631132413068544	NA	2.3335994728647576	NA	NA	NA	NA	NA	NA	NA	NA	NA	NA	NA	NA	NA	NA	NA	NA	NA	NA	NA	NA	NA	NA	NA	NA	NA	NA	NA	NA	NA	NA	NA	NA
COA1	6.95942242009	TRUE	TRUE	FALSE	TRUE	6.92538022994995	6.64994859695435	NA	6.82783937454224	0.4891525199243416	4.4468319991940914	NA	1.8907179016453293	NA	NA	NA	NA	NA	NA	NA	NA	NA	NA	NA	NA	NA	NA	NA	NA	NA	NA	NA	NA	NA	NA	NA	NA	NA	NA	NA	NA	NA	NA	NA	NA
COL2A1	5.76765479824	FALSE	TRUE	FALSE	TRUE	11.8614951847121	1.22324105352163	NA	3.30117172002792	NA	78.79136154447207	NA	42.764055140136456	NA	NA	NA	NA	NA	NA	NA	NA	NA	NA	NA	NA	NA	NA	NA	NA	NA	NA	NA	NA	NA	NA	NA	NA	NA	NA	NA	NA	NA	NA	NA	NA
COPS3	7.72764822227	TRUE	TRUE	FALSE	TRUE	7.56162160634995	6.86135423183441	NA	7.09564638137817	2.1484753335637636	11.210318657351046	NA	8.178449933454385	NA	NA	NA	NA	NA	NA	NA	NA	NA	NA	NA	NA	NA	NA	NA	NA	NA	NA	NA	NA	NA	NA	NA	NA	NA	NA	NA	NA	NA	NA	NA	NA
COPS7B	6.39454843917	FALSE	TRUE	FALSE	TRUE	6.4163733124733	6.08939945697784	NA	6.12179970741272	NA	4.772017681857895	NA	4.265332170862135	NA	NA	NA	NA	NA	NA	NA	NA	NA	NA	NA	NA	NA	NA	NA	NA	NA	NA	NA	NA	NA	NA	NA	NA	NA	NA	NA	NA	NA	NA	NA	NA
CPSF2	6.02214584287	FALSE	TRUE	FALSE	TRUE	6.03849178552628	5.8835774064064	NA	5.93379366397858	NA	2.300981080152014	NA	1.4671212088964134	NA	NA	NA	NA	NA	NA	NA	NA	NA	NA	NA	NA	NA	NA	NA	NA	NA	NA	NA	NA	NA	NA	NA	NA	NA	NA	NA	NA	NA	NA	NA	NA
CPSF3	7.26425492037	TRUE	TRUE	FALSE	TRUE	6.51578092575073	5.83630359172821	NA	6.2234525680542	10.303520496237585	19.65723042892689	NA	14.327723403500647	NA	NA	NA	NA	NA	NA	NA	NA	NA	NA	NA	NA	NA	NA	NA	NA	NA	NA	NA	NA	NA	NA	NA	NA	NA	NA	NA	NA	NA	NA	NA	NA
CRABP2	9.85321597215	FALSE	TRUE	FALSE	TRUE	13.4733803272247	5.40419256687164	NA	8.2483286857605	NA	45.15300809251997	NA	16.28795401344795	NA	NA	NA	NA	NA	NA	NA	NA	NA	NA	NA	NA	NA	NA	NA	NA	NA	NA	NA	NA	NA	NA	NA	NA	NA	NA	NA	NA	NA	NA	NA	NA
CTPS1	6.41193462479	FALSE	TRUE	FALSE	TRUE	7.06776696443558	5.92471408843994	NA	6.3170964717865	NA	7.5986510290724825	NA	1.4790879594566348	NA	NA	NA	NA	NA	NA	NA	NA	NA	NA	NA	NA	NA	NA	NA	NA	NA	NA	NA	NA	NA	NA	NA	NA	NA	NA	NA	NA	NA	NA	NA	NA
CTSL	8.2630813678	FALSE	TRUE	FALSE	TRUE	11.1661690473557	8.13536953926086	NA	8.0284161567688	NA	1.545571474544753	NA	2.8399237595027778	NA	NA	NA	NA	NA	NA	NA	NA	NA	NA	NA	NA	NA	NA	NA	NA	NA	NA	NA	NA	NA	NA	NA	NA	NA	NA	NA	NA	NA	NA	NA	NA
CXorf56	5.84423498776	TRUE	TRUE	FALSE	TRUE	5.47932833433151	5.02864617109299	NA	5.12688195705414	6.243873735274857	13.955441873489969	NA	12.27454118816687	NA	NA	NA	NA	NA	NA	NA	NA	NA	NA	NA	NA	NA	NA	NA	NA	NA	NA	NA	NA	NA	NA	NA	NA	NA	NA	NA	NA	NA	NA	NA	NA
CYCS	8.85735900976	TRUE	TRUE	FALSE	TRUE	7.95882791280746	8.47497856616974	NA	8.32485842704773	10.144458364648429	4.317093200906849	NA	6.0119566354429494	NA	NA	NA	NA	NA	NA	NA	NA	NA	NA	NA	NA	NA	NA	NA	NA	NA	NA	NA	NA	NA	NA	NA	NA	NA	NA	NA	NA	NA	NA	NA	NA
DACT1	6.63749432521	FALSE	TRUE	FALSE	TRUE	7.27343645691872	4.33375513553619	NA	5.06658905744553	NA	34.70796473488394	NA	23.667142912619653	NA	NA	NA	NA	NA	NA	NA	NA	NA	NA	NA	NA	NA	NA	NA	NA	NA	NA	NA	NA	NA	NA	NA	NA	NA	NA	NA	NA	NA	NA	NA	NA
DAZAP1	6.69905184402	FALSE	TRUE	FALSE	TRUE	7.2963604927063	6.23930871486664	NA	6.46405529975891	NA	6.862808944578573	NA	3.5079075327781353	NA	NA	NA	NA	NA	NA	NA	NA	NA	NA	NA	NA	NA	NA	NA	NA	NA	NA	NA	NA	NA	NA	NA	NA	NA	NA	NA	NA	NA	NA	NA	NA
DBNL	7.67969121016	FALSE	TRUE	FALSE	TRUE	7.84620529413223	7.46587300300598	NA	7.43898487091064	NA	2.7842031834710355	NA	3.13432314740614	NA	NA	NA	NA	NA	NA	NA	NA	NA	NA	NA	NA	NA	NA	NA	NA	NA	NA	NA	NA	NA	NA	NA	NA	NA	NA	NA	NA	NA	NA	NA	NA
DDX10	5.75435307169	FALSE	TRUE	FALSE	TRUE	6.43694949150085	5.02518612146378	NA	5.51991820335388	NA	12.671571263389131	NA	4.07404386584274	NA	NA	NA	NA	NA	NA	NA	NA	NA	NA	NA	NA	NA	NA	NA	NA	NA	NA	NA	NA	NA	NA	NA	NA	NA	NA	NA	NA	NA	NA	NA	NA
DDX18	6.63865311647	FALSE	TRUE	FALSE	TRUE	6.72815299034119	6.24646723270416	NA	6.41738247871399	NA	5.90761223527188	NA	3.333065214795658	NA	NA	NA	NA	NA	NA	NA	NA	NA	NA	NA	NA	NA	NA	NA	NA	NA	NA	NA	NA	NA	NA	NA	NA	NA	NA	NA	NA	NA	NA	NA	NA
DDX19A	6.12515513132	TRUE	TRUE	FALSE	TRUE	6.01428598165512	5.96557402610779	NA	6.04217672348022	1.8100627214806049	2.605339812476216	NA	1.3547152041175692	NA	NA	NA	NA	NA	NA	NA	NA	NA	NA	NA	NA	NA	NA	NA	NA	NA	NA	NA	NA	NA	NA	NA	NA	NA	NA	NA	NA	NA	NA	NA	NA
DDX19B	6.07103324446	FALSE	TRUE	FALSE	TRUE	6.11007887125015	5.94635879993439	NA	5.91257047653198	NA	2.053595154323673	NA	2.6101449546932063	NA	NA	NA	NA	NA	NA	NA	NA	NA	NA	NA	NA	NA	NA	NA	NA	NA	NA	NA	NA	NA	NA	NA	NA	NA	NA	NA	NA	NA	NA	NA	NA
DDX27	6.17132694023	FALSE	TRUE	FALSE	TRUE	6.65240639448166	5.73685598373413	NA	5.96657800674438	NA	7.040154584318261	NA	3.3177456885469923	NA	NA	NA	NA	NA	NA	NA	NA	NA	NA	NA	NA	NA	NA	NA	NA	NA	NA	NA	NA	NA	NA	NA	NA	NA	NA	NA	NA	NA	NA	NA	NA
DDX5	10.1559945647	FALSE	TRUE	FALSE	TRUE	10.3256099820137	9.78945541381836	NA	9.84363865852356	NA	3.609091640868441	NA	3.075581659546383	NA	NA	NA	NA	NA	NA	NA	NA	NA	NA	NA	NA	NA	NA	NA	NA	NA	NA	NA	NA	NA	NA	NA	NA	NA	NA	NA	NA	NA	NA	NA	NA
DDX56	7.29865831556	FALSE	TRUE	FALSE	TRUE	7.58347314596176	7.29351496696472	NA	7.29247951507568	NA	0.07046978188189734	NA	0.08465666177504681	NA	NA	NA	NA	NA	NA	NA	NA	NA	NA	NA	NA	NA	NA	NA	NA	NA	NA	NA	NA	NA	NA	NA	NA	NA	NA	NA	NA	NA	NA	NA	NA
DES	8.09645162448	FALSE	TRUE	FALSE	TRUE	20.5186583697796	5.50215236097574	NA	7.39571748673916	NA	32.042422827060136	NA	8.65483016809657	NA	NA	NA	NA	NA	NA	NA	NA	NA	NA	NA	NA	NA	NA	NA	NA	NA	NA	NA	NA	NA	NA	NA	NA	NA	NA	NA	NA	NA	NA	NA	NA
DFFA	5.83238371655	TRUE	TRUE	FALSE	TRUE	5.61562469601631	5.41743355989456	NA	5.54464173316956	3.7164739336099166	7.1145894512731624	NA	4.933522850424634	NA	NA	NA	NA	NA	NA	NA	NA	NA	NA	NA	NA	NA	NA	NA	NA	NA	NA	NA	NA	NA	NA	NA	NA	NA	NA	NA	NA	NA	NA	NA	NA
DHX16	5.85374619701	TRUE	TRUE	FALSE	TRUE	5.58287596702576	5.3476499915123	NA	5.47076797485352	4.627297133630361	8.64568070539522	NA	6.542446653257696	NA	NA	NA	NA	NA	NA	NA	NA	NA	NA	NA	NA	NA	NA	NA	NA	NA	NA	NA	NA	NA	NA	NA	NA	NA	NA	NA	NA	NA	NA	NA	NA
DKC1	7.39248916197	TRUE	TRUE	FALSE	TRUE	6.96512693166733	6.23662805557251	NA	6.5344545841217	5.7810328962157636	15.63561448752221	NA	11.606842553958455	NA	NA	NA	NA	NA	NA	NA	NA	NA	NA	NA	NA	NA	NA	NA	NA	NA	NA	NA	NA	NA	NA	NA	NA	NA	NA	NA	NA	NA	NA	NA	NA
DMKN	7.30122180533	FALSE	TRUE	FALSE	TRUE	9.59542499482632	5.36825653910637	NA	6.88939720392227	NA	26.47454518930704	NA	5.6404888440328165	NA	NA	NA	NA	NA	NA	NA	NA	NA	NA	NA	NA	NA	NA	NA	NA	NA	NA	NA	NA	NA	NA	NA	NA	NA	NA	NA	NA	NA	NA	NA	NA
DNAAF5	5.95093492831	TRUE	TRUE	FALSE	FALSE	5.90428403019905	5.78211259841919	NA	6.02060890197754	0.7839255288949705	2.8369043171297634	NA	NA	NA	NA	NA	NA	NA	NA	NA	NA	NA	NA	NA	NA	NA	NA	NA	NA	NA	NA	NA	NA	NA	NA	NA	NA	NA	NA	NA	NA	NA	NA	NA	NA
DNAJC11	6.38335869539	TRUE	TRUE	FALSE	TRUE	6.19378954172134	5.88673436641693	NA	5.92550563812256	2.9697399553242194	7.779984686302011	NA	7.172604252963205	NA	NA	NA	NA	NA	NA	NA	NA	NA	NA	NA	NA	NA	NA	NA	NA	NA	NA	NA	NA	NA	NA	NA	NA	NA	NA	NA	NA	NA	NA	NA	NA
DNAJC2	6.33360262827	TRUE	TRUE	FALSE	TRUE	6.18410390615463	5.46446323394775	NA	6.1150666475296	2.3604057736126958	13.722670103155055	NA	3.45042140416208	NA	NA	NA	NA	NA	NA	NA	NA	NA	NA	NA	NA	NA	NA	NA	NA	NA	NA	NA	NA	NA	NA	NA	NA	NA	NA	NA	NA	NA	NA	NA	NA
DNAJC7	7.62197858435	TRUE	TRUE	FALSE	TRUE	7.53494429588318	7.23499250411987	NA	7.43669581413269	1.1418857650102219	5.077239143976571	NA	2.4309012176673583	NA	NA	NA	NA	NA	NA	NA	NA	NA	NA	NA	NA	NA	NA	NA	NA	NA	NA	NA	NA	NA	NA	NA	NA	NA	NA	NA	NA	NA	NA	NA	NA
DNMT3A	6.54966917073	FALSE	TRUE	FALSE	TRUE	8.02168565988541	4.75318723917007	NA	6.05551278591156	NA	27.428590433060013	NA	7.54475335986112	NA	NA	NA	NA	NA	NA	NA	NA	NA	NA	NA	NA	NA	NA	NA	NA	NA	NA	NA	NA	NA	NA	NA	NA	NA	NA	NA	NA	NA	NA	NA	NA
DPAGT1	5.99864683901	FALSE	TRUE	FALSE	TRUE	6.16888970136642	5.82497298717499	NA	5.97058367729187	NA	2.8952171464001895	NA	0.4678248690293195	NA	NA	NA	NA	NA	NA	NA	NA	NA	NA	NA	NA	NA	NA	NA	NA	NA	NA	NA	NA	NA	NA	NA	NA	NA	NA	NA	NA	NA	NA	NA	NA
DUS1L	7.51538446064	FALSE	TRUE	FALSE	TRUE	7.58089882135391	7.080038189888	NA	7.14774417877197	NA	5.7927345305089935	NA	4.891835990473363	NA	NA	NA	NA	NA	NA	NA	NA	NA	NA	NA	NA	NA	NA	NA	NA	NA	NA	NA	NA	NA	NA	NA	NA	NA	NA	NA	NA	NA	NA	NA	NA
DUXAP8	6.31867837374	FALSE	TRUE	FALSE	TRUE	9.57719081640244	5.39379227161407	NA	6.11675614118576	NA	14.637334699130975	NA	3.1956403002472102	NA	NA	NA	NA	NA	NA	NA	NA	NA	NA	NA	NA	NA	NA	NA	NA	NA	NA	NA	NA	NA	NA	NA	NA	NA	NA	NA	NA	NA	NA	NA	NA
DUXAP9	6.32282949763	FALSE	TRUE	FALSE	TRUE	8.29802304506302	4.12178882956505	NA	4.50632399320602	NA	34.811007775711346	NA	28.729313436411104	NA	NA	NA	NA	NA	NA	NA	NA	NA	NA	NA	NA	NA	NA	NA	NA	NA	NA	NA	NA	NA	NA	NA	NA	NA	NA	NA	NA	NA	NA	NA	NA
EAPP	6.42240121558	TRUE	TRUE	FALSE	FALSE	6.28146958351135	6.41521620750427	NA	6.5753915309906	2.1943760182214436	0.11187417033834768	NA	NA	NA	NA	NA	NA	NA	NA	NA	NA	NA	NA	NA	NA	NA	NA	NA	NA	NA	NA	NA	NA	NA	NA	NA	NA	NA	NA	NA	NA	NA	NA	NA	NA
EBNA1BP2	7.09117089003	TRUE	TRUE	FALSE	TRUE	7.03103125095367	6.97626292705536	NA	6.96700572967529	0.848091803299858	1.6204370865775877	NA	1.7509824862531875	NA	NA	NA	NA	NA	NA	NA	NA	NA	NA	NA	NA	NA	NA	NA	NA	NA	NA	NA	NA	NA	NA	NA	NA	NA	NA	NA	NA	NA	NA	NA	NA
ECHDC1	6.99435343686	TRUE	TRUE	FALSE	TRUE	6.61161661148071	6.44140887260437	NA	6.55850625038147	5.472083000013696	7.905585115868341	NA	6.2314149608401355	NA	NA	NA	NA	NA	NA	NA	NA	NA	NA	NA	NA	NA	NA	NA	NA	NA	NA	NA	NA	NA	NA	NA	NA	NA	NA	NA	NA	NA	NA	NA	NA
EDC4	6.80271021929	FALSE	TRUE	FALSE	TRUE	7.17268621921539	6.49814963340759	NA	6.54995465278625	NA	4.477047765738825	NA	3.7155127641190258	NA	NA	NA	NA	NA	NA	NA	NA	NA	NA	NA	NA	NA	NA	NA	NA	NA	NA	NA	NA	NA	NA	NA	NA	NA	NA	NA	NA	NA	NA	NA	NA
EEF1E1	6.30724635523	TRUE	TRUE	FALSE	TRUE	5.97439774870872	5.70240998268127	NA	5.92203688621521	5.277241251965382	9.589547299784746	NA	6.1074111794503265	NA	NA	NA	NA	NA	NA	NA	NA	NA	NA	NA	NA	NA	NA	NA	NA	NA	NA	NA	NA	NA	NA	NA	NA	NA	NA	NA	NA	NA	NA	NA	NA
EIF2B4	6.44956137461	FALSE	TRUE	FALSE	TRUE	6.60552877187729	6.25757098197937	NA	6.26545119285583	NA	2.976797668542838	NA	2.8546155476395225	NA	NA	NA	NA	NA	NA	NA	NA	NA	NA	NA	NA	NA	NA	NA	NA	NA	NA	NA	NA	NA	NA	NA	NA	NA	NA	NA	NA	NA	NA	NA	NA
EIF3B	8.98093926609	TRUE	TRUE	FALSE	TRUE	8.18407201766968	7.80977582931519	NA	7.83857870101929	8.872872032762883	13.040545115329508	NA	12.719833986451787	NA	NA	NA	NA	NA	NA	NA	NA	NA	NA	NA	NA	NA	NA	NA	NA	NA	NA	NA	NA	NA	NA	NA	NA	NA	NA	NA	NA	NA	NA	NA	NA
EIF3G	8.78398041368	FALSE	TRUE	FALSE	TRUE	9.10911482572556	8.51232504844666	NA	8.54585838317871	NA	3.0926226202675586	NA	2.710867047590912	NA	NA	NA	NA	NA	NA	NA	NA	NA	NA	NA	NA	NA	NA	NA	NA	NA	NA	NA	NA	NA	NA	NA	NA	NA	NA	NA	NA	NA	NA	NA	NA
EIF5B	7.03727239025	TRUE	TRUE	FALSE	TRUE	6.60264593362808	6.75148630142212	NA	6.81062722206116	6.176064141329625	4.06103491494561	NA	3.220639412833479	NA	NA	NA	NA	NA	NA	NA	NA	NA	NA	NA	NA	NA	NA	NA	NA	NA	NA	NA	NA	NA	NA	NA	NA	NA	NA	NA	NA	NA	NA	NA	NA
ELAC2	6.48349335128	FALSE	TRUE	FALSE	TRUE	6.7152646780014	6.29978406429291	NA	6.40501976013184	NA	2.8334923325065313	NA	1.2103597072813677	NA	NA	NA	NA	NA	NA	NA	NA	NA	NA	NA	NA	NA	NA	NA	NA	NA	NA	NA	NA	NA	NA	NA	NA	NA	NA	NA	NA	NA	NA	NA	NA
ELFN1-AS1	6.29847503474	TRUE	TRUE	FALSE	TRUE	1.97697073221207	0.409074537456036	NA	0.56627131998539	68.61191445059559	93.50518125102131	NA	91.00939010058701	NA	NA	NA	NA	NA	NA	NA	NA	NA	NA	NA	NA	NA	NA	NA	NA	NA	NA	NA	NA	NA	NA	NA	NA	NA	NA	NA	NA	NA	NA	NA	NA
ELP2	6.49265437102	FALSE	TRUE	FALSE	TRUE	7.03804820775986	6.2041642665863	NA	6.40858626365662	NA	4.443330692626693	NA	1.2948187684010892	NA	NA	NA	NA	NA	NA	NA	NA	NA	NA	NA	NA	NA	NA	NA	NA	NA	NA	NA	NA	NA	NA	NA	NA	NA	NA	NA	NA	NA	NA	NA	NA
EMC9	6.04919510562	FALSE	TRUE	FALSE	TRUE	7.28082996606827	5.80302739143372	NA	5.80250978469849	NA	4.069429236256205	NA	4.077985857859458	NA	NA	NA	NA	NA	NA	NA	NA	NA	NA	NA	NA	NA	NA	NA	NA	NA	NA	NA	NA	NA	NA	NA	NA	NA	NA	NA	NA	NA	NA	NA	NA
EME1	5.87405920314	FALSE	TRUE	FALSE	TRUE	6.0485063791275	4.39059510827065	NA	5.15389037132263	NA	25.254496823531486	NA	12.26015616990038	NA	NA	NA	NA	NA	NA	NA	NA	NA	NA	NA	NA	NA	NA	NA	NA	NA	NA	NA	NA	NA	NA	NA	NA	NA	NA	NA	NA	NA	NA	NA	NA
ENSA	8.24093440226	FALSE	TRUE	FALSE	TRUE	8.68421548604965	8.20887649059296	NA	8.17400717735291	NA	0.3890082131736049	NA	0.812131508882486	NA	NA	NA	NA	NA	NA	NA	NA	NA	NA	NA	NA	NA	NA	NA	NA	NA	NA	NA	NA	NA	NA	NA	NA	NA	NA	NA	NA	NA	NA	NA	NA
ERAL1	6.80877115933	TRUE	TRUE	FALSE	TRUE	6.47068512439728	6.63951444625854	NA	6.654625415802	4.965448640015519	2.4858628541147163	NA	2.263928981028761	NA	NA	NA	NA	NA	NA	NA	NA	NA	NA	NA	NA	NA	NA	NA	NA	NA	NA	NA	NA	NA	NA	NA	NA	NA	NA	NA	NA	NA	NA	NA	NA
ERVK3-1	7.30915799357	TRUE	TRUE	FALSE	TRUE	6.37703704833984	6.94164478778839	NA	6.74275255203247	12.752781456498328	5.028119601531643	NA	7.7492570558169325	NA	NA	NA	NA	NA	NA	NA	NA	NA	NA	NA	NA	NA	NA	NA	NA	NA	NA	NA	NA	NA	NA	NA	NA	NA	NA	NA	NA	NA	NA	NA	NA
EXOSC1	5.98025384599	FALSE	TRUE	FALSE	TRUE	6.07453626394272	5.57430696487427	NA	5.92866182327271	NA	6.788121233146875	NA	0.862706233647326	NA	NA	NA	NA	NA	NA	NA	NA	NA	NA	NA	NA	NA	NA	NA	NA	NA	NA	NA	NA	NA	NA	NA	NA	NA	NA	NA	NA	NA	NA	NA	NA
EXOSC3	6.27295630794	TRUE	TRUE	FALSE	TRUE	5.7373389005661	5.24354547262192	NA	5.83522200584412	8.53851646784056	16.41029818771577	NA	6.978118140912571	NA	NA	NA	NA	NA	NA	NA	NA	NA	NA	NA	NA	NA	NA	NA	NA	NA	NA	NA	NA	NA	NA	NA	NA	NA	NA	NA	NA	NA	NA	NA	NA
FAM126A	5.94813357784	FALSE	TRUE	FALSE	TRUE	6.31409379839897	5.8630006313324	NA	5.73145842552185	NA	1.431254785951111	NA	3.642741869909951	NA	NA	NA	NA	NA	NA	NA	NA	NA	NA	NA	NA	NA	NA	NA	NA	NA	NA	NA	NA	NA	NA	NA	NA	NA	NA	NA	NA	NA	NA	NA	NA
FAM136A	6.71094415458	TRUE	TRUE	FALSE	TRUE	6.26028442382812	5.56728398799896	NA	6.37451696395874	6.715295498984592	17.04171783042673	NA	5.013112654076537	NA	NA	NA	NA	NA	NA	NA	NA	NA	NA	NA	NA	NA	NA	NA	NA	NA	NA	NA	NA	NA	NA	NA	NA	NA	NA	NA	NA	NA	NA	NA	NA
FAM177A1	6.81813476081	FALSE	TRUE	FALSE	TRUE	7.05929309129715	6.61828303337097	NA	6.70038175582886	NA	2.931178899363484	NA	1.7270559927617266	NA	NA	NA	NA	NA	NA	NA	NA	NA	NA	NA	NA	NA	NA	NA	NA	NA	NA	NA	NA	NA	NA	NA	NA	NA	NA	NA	NA	NA	NA	NA	NA
FAM50A	7.56635853269	FALSE	TRUE	FALSE	TRUE	8.61923629045486	7.36688029766083	NA	7.41902995109558	NA	2.636383594133634	NA	1.947153058606664	NA	NA	NA	NA	NA	NA	NA	NA	NA	NA	NA	NA	NA	NA	NA	NA	NA	NA	NA	NA	NA	NA	NA	NA	NA	NA	NA	NA	NA	NA	NA	NA
FAM98A	6.19239145691	FALSE	TRUE	FALSE	TRUE	6.26746153831482	6.10314905643463	NA	6.18279957771301	NA	1.4411621276911746	NA	0.15489781716378392	NA	NA	NA	NA	NA	NA	NA	NA	NA	NA	NA	NA	NA	NA	NA	NA	NA	NA	NA	NA	NA	NA	NA	NA	NA	NA	NA	NA	NA	NA	NA	NA
FARSB	5.82807299787	TRUE	TRUE	FALSE	TRUE	5.69386148452759	5.65786194801331	NA	5.62333655357361	2.3028454412197754	2.920537370051765	NA	3.512935482640918	NA	NA	NA	NA	NA	NA	NA	NA	NA	NA	NA	NA	NA	NA	NA	NA	NA	NA	NA	NA	NA	NA	NA	NA	NA	NA	NA	NA	NA	NA	NA	NA
FBRS	6.27482073704	FALSE	TRUE	FALSE	TRUE	6.51531100273132	6.12134075164795	NA	6.27130174636841	NA	2.44596605742159	NA	0.056081134729751424	NA	NA	NA	NA	NA	NA	NA	NA	NA	NA	NA	NA	NA	NA	NA	NA	NA	NA	NA	NA	NA	NA	NA	NA	NA	NA	NA	NA	NA	NA	NA	NA
FHOD1	5.8321305011	FALSE	TRUE	FALSE	TRUE	6.69064596295357	5.67307358980179	NA	5.72336077690125	NA	2.7272522668724593	NA	1.865008407789149	NA	NA	NA	NA	NA	NA	NA	NA	NA	NA	NA	NA	NA	NA	NA	NA	NA	NA	NA	NA	NA	NA	NA	NA	NA	NA	NA	NA	NA	NA	NA	NA
FIP1L1	7.15370401967	TRUE	TRUE	FALSE	TRUE	6.61964160203934	6.72311663627625	NA	6.8236072063446	7.465536960463967	6.0190830122380925	NA	4.614348209231998	NA	NA	NA	NA	NA	NA	NA	NA	NA	NA	NA	NA	NA	NA	NA	NA	NA	NA	NA	NA	NA	NA	NA	NA	NA	NA	NA	NA	NA	NA	NA	NA
FKBP4	7.5491300614	TRUE	TRUE	FALSE	TRUE	7.41368299722672	6.55085074901581	NA	6.69580602645874	1.7942075851341253	13.223766238822188	NA	11.303607541542462	NA	NA	NA	NA	NA	NA	NA	NA	NA	NA	NA	NA	NA	NA	NA	NA	NA	NA	NA	NA	NA	NA	NA	NA	NA	NA	NA	NA	NA	NA	NA	NA
FLAD1	6.49057013045	TRUE	TRUE	FALSE	TRUE	6.16735684871674	5.9938600063324	NA	6.22026610374451	4.9797363750363015	7.652796505307345	NA	4.164565227288426	NA	NA	NA	NA	NA	NA	NA	NA	NA	NA	NA	NA	NA	NA	NA	NA	NA	NA	NA	NA	NA	NA	NA	NA	NA	NA	NA	NA	NA	NA	NA	NA
FLII	8.2427930236	FALSE	TRUE	FALSE	TRUE	9.4500560760498	8.00550997257233	NA	7.95893788337708	NA	2.8786729249212475	NA	3.443676668942354	NA	NA	NA	NA	NA	NA	NA	NA	NA	NA	NA	NA	NA	NA	NA	NA	NA	NA	NA	NA	NA	NA	NA	NA	NA	NA	NA	NA	NA	NA	NA	NA
FOXC1	5.86220339905	FALSE	TRUE	FALSE	TRUE	6.5263375043869	3.8053483068943	NA	4.79027950763702	NA	35.086723406578216	NA	18.28534116688429	NA	NA	NA	NA	NA	NA	NA	NA	NA	NA	NA	NA	NA	NA	NA	NA	NA	NA	NA	NA	NA	NA	NA	NA	NA	NA	NA	NA	NA	NA	NA	NA
FOXP4	7.12111903912	FALSE	TRUE	FALSE	TRUE	7.12297466397285	5.17488825321198	NA	6.16377925872803	NA	27.33040657256766	NA	13.443670512075503	NA	NA	NA	NA	NA	NA	NA	NA	NA	NA	NA	NA	NA	NA	NA	NA	NA	NA	NA	NA	NA	NA	NA	NA	NA	NA	NA	NA	NA	NA	NA	NA
FTSJ1	6.09845324631	FALSE	TRUE	FALSE	TRUE	6.91807401180267	5.89188408851624	NA	5.94215393066406	NA	3.3872385250923975	NA	2.5629337363619618	NA	NA	NA	NA	NA	NA	NA	NA	NA	NA	NA	NA	NA	NA	NA	NA	NA	NA	NA	NA	NA	NA	NA	NA	NA	NA	NA	NA	NA	NA	NA	NA
FTSJ2	6.73809225962	TRUE	TRUE	FALSE	TRUE	6.01065254211426	5.80012083053589	NA	5.92556476593018	10.795929908308572	13.920430189197322	NA	12.058717250862383	NA	NA	NA	NA	NA	NA	NA	NA	NA	NA	NA	NA	NA	NA	NA	NA	NA	NA	NA	NA	NA	NA	NA	NA	NA	NA	NA	NA	NA	NA	NA	NA
FTSJ3	6.27556583456	FALSE	TRUE	FALSE	TRUE	6.43066281080246	6.11293387413025	NA	6.1729850769043	NA	2.5915107054430697	NA	1.6346057130144327	NA	NA	NA	NA	NA	NA	NA	NA	NA	NA	NA	NA	NA	NA	NA	NA	NA	NA	NA	NA	NA	NA	NA	NA	NA	NA	NA	NA	NA	NA	NA	NA
GALE	6.30524096595	TRUE	TRUE	FALSE	TRUE	5.70221534371376	5.72924470901489	NA	5.76179981231689	9.563879088725407	9.135198163649024	NA	8.618880016923047	NA	NA	NA	NA	NA	NA	NA	NA	NA	NA	NA	NA	NA	NA	NA	NA	NA	NA	NA	NA	NA	NA	NA	NA	NA	NA	NA	NA	NA	NA	NA	NA
GARS	8.42618087465	FALSE	TRUE	FALSE	TRUE	8.68491166830063	7.52852392196655	NA	7.90424346923828	NA	10.653188746327936	NA	6.194234531351669	NA	NA	NA	NA	NA	NA	NA	NA	NA	NA	NA	NA	NA	NA	NA	NA	NA	NA	NA	NA	NA	NA	NA	NA	NA	NA	NA	NA	NA	NA	NA	NA
GEMIN2	6.50446149653	TRUE	TRUE	FALSE	TRUE	5.40789371728897	5.00505387783051	NA	5.07953381538391	16.85870198210916	23.05198700152802	NA	21.906927758835383	NA	NA	NA	NA	NA	NA	NA	NA	NA	NA	NA	NA	NA	NA	NA	NA	NA	NA	NA	NA	NA	NA	NA	NA	NA	NA	NA	NA	NA	NA	NA	NA
GET4	7.02890061573	TRUE	TRUE	FALSE	TRUE	6.88491922616959	6.35981738567352	NA	6.39933562278748	2.0484197662176844	9.519031021140572	NA	8.956806012217813	NA	NA	NA	NA	NA	NA	NA	NA	NA	NA	NA	NA	NA	NA	NA	NA	NA	NA	NA	NA	NA	NA	NA	NA	NA	NA	NA	NA	NA	NA	NA	NA
GGA2	6.41920177385	FALSE	TRUE	FALSE	TRUE	7.25315654277802	5.79790204763412	NA	6.10147166252136	NA	9.678769231820661	NA	4.949682569926102	NA	NA	NA	NA	NA	NA	NA	NA	NA	NA	NA	NA	NA	NA	NA	NA	NA	NA	NA	NA	NA	NA	NA	NA	NA	NA	NA	NA	NA	NA	NA	NA
GGCT	8.16369998708	TRUE	TRUE	FALSE	TRUE	6.81450325250626	6.65652644634247	NA	6.69878196716309	16.52677997365165	18.461892807462377	NA	17.94429023892734	NA	NA	NA	NA	NA	NA	NA	NA	NA	NA	NA	NA	NA	NA	NA	NA	NA	NA	NA	NA	NA	NA	NA	NA	NA	NA	NA	NA	NA	NA	NA	NA
GMPR2	7.02812708232	FALSE	TRUE	FALSE	TRUE	7.0793149471283	6.79685091972351	NA	7.02043294906616	NA	3.2907225479500797	NA	0.10947629665370223	NA	NA	NA	NA	NA	NA	NA	NA	NA	NA	NA	NA	NA	NA	NA	NA	NA	NA	NA	NA	NA	NA	NA	NA	NA	NA	NA	NA	NA	NA	NA	NA
GNPDA1	6.57031112432	FALSE	TRUE	FALSE	TRUE	6.62436032295227	6.40153408050537	NA	6.49433040618896	NA	2.5687831309829696	NA	1.1564249651709324	NA	NA	NA	NA	NA	NA	NA	NA	NA	NA	NA	NA	NA	NA	NA	NA	NA	NA	NA	NA	NA	NA	NA	NA	NA	NA	NA	NA	NA	NA	NA	NA
GPATCH4	6.35438163211	TRUE	TRUE	FALSE	TRUE	5.93534713983536	5.9499454498291	NA	6.02829074859619	6.594418096596087	6.364681973729762	NA	5.131748490931138	NA	NA	NA	NA	NA	NA	NA	NA	NA	NA	NA	NA	NA	NA	NA	NA	NA	NA	NA	NA	NA	NA	NA	NA	NA	NA	NA	NA	NA	NA	NA	NA
GPC3	8.71417681627	FALSE	TRUE	FALSE	TRUE	13.6786153316498	3.17516899108887	NA	7.24983966350555	NA	63.56317919599016	NA	16.80407895821469	NA	NA	NA	NA	NA	NA	NA	NA	NA	NA	NA	NA	NA	NA	NA	NA	NA	NA	NA	NA	NA	NA	NA	NA	NA	NA	NA	NA	NA	NA	NA	NA
GRPEL1	5.8696246862	FALSE	TRUE	FALSE	TRUE	5.92055666446686	5.64357769489288	NA	5.81385946273804	NA	3.8511319444082406	NA	0.9500645517092263	NA	NA	NA	NA	NA	NA	NA	NA	NA	NA	NA	NA	NA	NA	NA	NA	NA	NA	NA	NA	NA	NA	NA	NA	NA	NA	NA	NA	NA	NA	NA	NA
GTF2E2	5.9267110991	TRUE	TRUE	FALSE	TRUE	5.87239164113998	5.02540415525436	NA	5.79374742507935	0.916519416110383	15.207539709207499	NA	2.243464744567038	NA	NA	NA	NA	NA	NA	NA	NA	NA	NA	NA	NA	NA	NA	NA	NA	NA	NA	NA	NA	NA	NA	NA	NA	NA	NA	NA	NA	NA	NA	NA	NA
GTF2H4	6.33485426933	TRUE	TRUE	FALSE	TRUE	6.03985029459	5.93851661682129	NA	5.92698621749878	4.656839166265478	6.25646045920214	NA	6.438475685319241	NA	NA	NA	NA	NA	NA	NA	NA	NA	NA	NA	NA	NA	NA	NA	NA	NA	NA	NA	NA	NA	NA	NA	NA	NA	NA	NA	NA	NA	NA	NA	NA
GTF3C2	6.82413137939	FALSE	TRUE	FALSE	TRUE	6.88460713624954	6.14526534080505	NA	6.43677997589111	NA	9.948021232932836	NA	5.67620085200521	NA	NA	NA	NA	NA	NA	NA	NA	NA	NA	NA	NA	NA	NA	NA	NA	NA	NA	NA	NA	NA	NA	NA	NA	NA	NA	NA	NA	NA	NA	NA	NA
GTF3C6	7.60414547344	TRUE	TRUE	FALSE	TRUE	7.35599136352539	7.60175490379333	NA	7.58358979225159	3.2634056092347365	0.03143771584881234	NA	0.27032204026353757	NA	NA	NA	NA	NA	NA	NA	NA	NA	NA	NA	NA	NA	NA	NA	NA	NA	NA	NA	NA	NA	NA	NA	NA	NA	NA	NA	NA	NA	NA	NA	NA
HARS2	6.00315244867	TRUE	TRUE	FALSE	TRUE	5.6879620552063	5.27140426635742	NA	5.30779957771301	5.2504146139672105	12.189398629626652	NA	11.583128646200638	NA	NA	NA	NA	NA	NA	NA	NA	NA	NA	NA	NA	NA	NA	NA	NA	NA	NA	NA	NA	NA	NA	NA	NA	NA	NA	NA	NA	NA	NA	NA	NA
HBS1L	6.91934008244	TRUE	TRUE	FALSE	TRUE	6.74948865175247	6.51661717891693	NA	6.59273791313171	2.454734536297486	5.820250178844446	NA	4.720134657597551	NA	NA	NA	NA	NA	NA	NA	NA	NA	NA	NA	NA	NA	NA	NA	NA	NA	NA	NA	NA	NA	NA	NA	NA	NA	NA	NA	NA	NA	NA	NA	NA
HEIH	5.93002764088	FALSE	TRUE	FALSE	TRUE	6.67363274097443	5.80836665630341	NA	5.91555547714233	NA	2.0516090639762234	NA	0.24404884115382658	NA	NA	NA	NA	NA	NA	NA	NA	NA	NA	NA	NA	NA	NA	NA	NA	NA	NA	NA	NA	NA	NA	NA	NA	NA	NA	NA	NA	NA	NA	NA	NA
HMGA2	6.10076744957	FALSE	TRUE	FALSE	TRUE	10.2354480922222	0.960226505994797	NA	4.31705896137282	NA	84.2605620697364	NA	29.237444353380514	NA	NA	NA	NA	NA	NA	NA	NA	NA	NA	NA	NA	NA	NA	NA	NA	NA	NA	NA	NA	NA	NA	NA	NA	NA	NA	NA	NA	NA	NA	NA	NA
HMGB3	8.3927038072	FALSE	TRUE	FALSE	TRUE	9.01034390926361	7.40930759906769	NA	7.95149707794189	NA	11.717275275325058	NA	5.257027286958514	NA	NA	NA	NA	NA	NA	NA	NA	NA	NA	NA	NA	NA	NA	NA	NA	NA	NA	NA	NA	NA	NA	NA	NA	NA	NA	NA	NA	NA	NA	NA	NA
HMGN3	9.38394184246	TRUE	TRUE	FALSE	TRUE	8.40223199129105	7.75942897796631	NA	7.97292065620422	10.461593514219771	17.311625452996456	NA	15.03655084339143	NA	NA	NA	NA	NA	NA	NA	NA	NA	NA	NA	NA	NA	NA	NA	NA	NA	NA	NA	NA	NA	NA	NA	NA	NA	NA	NA	NA	NA	NA	NA	NA
HNRNPA2B1	10.7755032886	FALSE	TRUE	FALSE	TRUE	10.8156238794327	10.4253885746002	NA	10.5101375579834	NA	3.249172726532459	NA	2.4626759744702076	NA	NA	NA	NA	NA	NA	NA	NA	NA	NA	NA	NA	NA	NA	NA	NA	NA	NA	NA	NA	NA	NA	NA	NA	NA	NA	NA	NA	NA	NA	NA	NA
HNRNPAB	8.56666296296	FALSE	TRUE	FALSE	TRUE	8.63267982006073	7.95982265472412	NA	8.56028366088867	NA	7.083742069224602	NA	0.07446659333877093	NA	NA	NA	NA	NA	NA	NA	NA	NA	NA	NA	NA	NA	NA	NA	NA	NA	NA	NA	NA	NA	NA	NA	NA	NA	NA	NA	NA	NA	NA	NA	NA
HNRNPC	10.2154237925	TRUE	TRUE	FALSE	FALSE	10.2030755281448	9.935631275177	NA	10.2186679840088	0.1208786302558108	2.738922270933276	NA	NA	NA	NA	NA	NA	NA	NA	NA	NA	NA	NA	NA	NA	NA	NA	NA	NA	NA	NA	NA	NA	NA	NA	NA	NA	NA	NA	NA	NA	NA	NA	NA	NA
HNRNPH1	9.58918296704	FALSE	TRUE	FALSE	TRUE	10.5512786507607	9.53145051002502	NA	9.5003707408905	NA	0.6020581441966097	NA	0.9261709413071568	NA	NA	NA	NA	NA	NA	NA	NA	NA	NA	NA	NA	NA	NA	NA	NA	NA	NA	NA	NA	NA	NA	NA	NA	NA	NA	NA	NA	NA	NA	NA	NA
HOXA-AS2	6.61264737766	TRUE	TRUE	FALSE	FALSE	5.4067974537611	4.03573546884581	NA	7.84962306451052	18.235509245097703	38.969443879919616	NA	NA	NA	NA	NA	NA	NA	NA	NA	NA	NA	NA	NA	NA	NA	NA	NA	NA	NA	NA	NA	NA	NA	NA	NA	NA	NA	NA	NA	NA	NA	NA	NA	NA
HOXA9	5.99118168141	FALSE	TRUE	FALSE	TRUE	7.11105209589005	1.08263783156872	NA	4.4874519109726	NA	81.92947753649284	NA	25.099051412567135	NA	NA	NA	NA	NA	NA	NA	NA	NA	NA	NA	NA	NA	NA	NA	NA	NA	NA	NA	NA	NA	NA	NA	NA	NA	NA	NA	NA	NA	NA	NA	NA
HSPA4	7.47508488295	TRUE	TRUE	FALSE	TRUE	7.47138804197311	6.87497889995575	NA	7.26443576812744	0.04945550498460098	8.028082522019753	NA	2.818016358623997	NA	NA	NA	NA	NA	NA	NA	NA	NA	NA	NA	NA	NA	NA	NA	NA	NA	NA	NA	NA	NA	NA	NA	NA	NA	NA	NA	NA	NA	NA	NA	NA
HSPD1	9.11408066488	FALSE	TRUE	FALSE	TRUE	9.59205281734467	8.53951978683472	NA	8.89767789840698	NA	6.304101304032556	NA	2.3743784417763663	NA	NA	NA	NA	NA	NA	NA	NA	NA	NA	NA	NA	NA	NA	NA	NA	NA	NA	NA	NA	NA	NA	NA	NA	NA	NA	NA	NA	NA	NA	NA	NA
HUWE1	7.26987472248	FALSE	TRUE	FALSE	TRUE	7.41859364509583	7.07851088047028	NA	7.23720669746399	NA	2.632285277461274	NA	0.44936159511790985	NA	NA	NA	NA	NA	NA	NA	NA	NA	NA	NA	NA	NA	NA	NA	NA	NA	NA	NA	NA	NA	NA	NA	NA	NA	NA	NA	NA	NA	NA	NA	NA
IAH1	6.97796675762	FALSE	TRUE	FALSE	TRUE	7.26892900466919	6.75642454624176	NA	6.656334400177	NA	3.174882011816891	NA	4.609256085832946	NA	NA	NA	NA	NA	NA	NA	NA	NA	NA	NA	NA	NA	NA	NA	NA	NA	NA	NA	NA	NA	NA	NA	NA	NA	NA	NA	NA	NA	NA	NA	NA
ICT1	6.220716892	FALSE	TRUE	FALSE	TRUE	6.66575461626053	6.07269930839539	NA	6.103440284729	NA	2.379429673048851	NA	1.8852587138601464	NA	NA	NA	NA	NA	NA	NA	NA	NA	NA	NA	NA	NA	NA	NA	NA	NA	NA	NA	NA	NA	NA	NA	NA	NA	NA	NA	NA	NA	NA	NA	NA
ID2	10.2943795138	TRUE	TRUE	FALSE	TRUE	9.53983479738235	9.42077910900116	NA	9.48698925971985	7.329676503631466	8.486188056577335	NA	7.843020096527548	NA	NA	NA	NA	NA	NA	NA	NA	NA	NA	NA	NA	NA	NA	NA	NA	NA	NA	NA	NA	NA	NA	NA	NA	NA	NA	NA	NA	NA	NA	NA	NA
ID2-AS1	6.73470962023	TRUE	TRUE	FALSE	TRUE	2.35029301047325	4.6349863409996	NA	4.67306452989578	65.10179142077124	31.177636418401246	NA	30.612234329173827	NA	NA	NA	NA	NA	NA	NA	NA	NA	NA	NA	NA	NA	NA	NA	NA	NA	NA	NA	NA	NA	NA	NA	NA	NA	NA	NA	NA	NA	NA	NA	NA
IK	7.60540543683	FALSE	TRUE	FALSE	TRUE	7.72522777318954	7.45659828186035	NA	7.50454998016357	NA	1.9565972676359284	NA	1.3261023032122214	NA	NA	NA	NA	NA	NA	NA	NA	NA	NA	NA	NA	NA	NA	NA	NA	NA	NA	NA	NA	NA	NA	NA	NA	NA	NA	NA	NA	NA	NA	NA	NA
ILF2	9.1953722074	TRUE	TRUE	FALSE	TRUE	8.81409031152725	8.66309666633606	NA	9.09616088867188	4.146454186660461	5.788515451670248	NA	1.078926621896602	NA	NA	NA	NA	NA	NA	NA	NA	NA	NA	NA	NA	NA	NA	NA	NA	NA	NA	NA	NA	NA	NA	NA	NA	NA	NA	NA	NA	NA	NA	NA	NA
IMP4	7.5284150392800004	TRUE	TRUE	FALSE	TRUE	7.1675426363945	6.86389183998108	NA	6.97446036338806	4.793471149008458	8.82686722014829	NA	7.3581845979750815	NA	NA	NA	NA	NA	NA	NA	NA	NA	NA	NA	NA	NA	NA	NA	NA	NA	NA	NA	NA	NA	NA	NA	NA	NA	NA	NA	NA	NA	NA	NA	NA
INO80E	6.92017418243	FALSE	TRUE	FALSE	TRUE	6.96669548749924	6.8088995218277	NA	6.83235335350037	NA	1.607974852494624	NA	1.2690551800358363	NA	NA	NA	NA	NA	NA	NA	NA	NA	NA	NA	NA	NA	NA	NA	NA	NA	NA	NA	NA	NA	NA	NA	NA	NA	NA	NA	NA	NA	NA	NA	NA
IPO4	6.62175885671	TRUE	TRUE	FALSE	TRUE	6.30526155233383	5.44512605667114	NA	6.14959740638733	4.779656149143134	17.769188300273836	NA	7.1304537138832265	NA	NA	NA	NA	NA	NA	NA	NA	NA	NA	NA	NA	NA	NA	NA	NA	NA	NA	NA	NA	NA	NA	NA	NA	NA	NA	NA	NA	NA	NA	NA	NA
KDM1A	7.67884658212	TRUE	TRUE	FALSE	FALSE	7.60734438896179	7.56799006462097	NA	8.09020209312439	0.9311579856889067	1.4436610539551207	NA	NA	NA	NA	NA	NA	NA	NA	NA	NA	NA	NA	NA	NA	NA	NA	NA	NA	NA	NA	NA	NA	NA	NA	NA	NA	NA	NA	NA	NA	NA	NA	NA	NA
KIAA0586	5.97177344719	TRUE	TRUE	FALSE	TRUE	4.6274431347847	4.21950858831406	NA	4.34116899967194	22.511408449995212	29.342453701093824	NA	27.305196051691087	NA	NA	NA	NA	NA	NA	NA	NA	NA	NA	NA	NA	NA	NA	NA	NA	NA	NA	NA	NA	NA	NA	NA	NA	NA	NA	NA	NA	NA	NA	NA	NA
KRI1	6.11603199345	FALSE	TRUE	FALSE	TRUE	6.36806029081345	5.84440660476685	NA	5.8813579082489	NA	4.441202874249982	NA	3.837031680874561	NA	NA	NA	NA	NA	NA	NA	NA	NA	NA	NA	NA	NA	NA	NA	NA	NA	NA	NA	NA	NA	NA	NA	NA	NA	NA	NA	NA	NA	NA	NA	NA
LINC01420	6.5371407298	FALSE	TRUE	FALSE	TRUE	7.42284888029099	5.9609569311142	NA	6.21282362937927	NA	8.814003285247122	NA	4.9611460702124495	NA	NA	NA	NA	NA	NA	NA	NA	NA	NA	NA	NA	NA	NA	NA	NA	NA	NA	NA	NA	NA	NA	NA	NA	NA	NA	NA	NA	NA	NA	NA	NA
LRCH4	7.10810622369	TRUE	TRUE	FALSE	TRUE	6.83830803632736	6.39122450351715	NA	6.40012645721436	3.795640904513392	10.085410904294259	NA	9.960174260143651	NA	NA	NA	NA	NA	NA	NA	NA	NA	NA	NA	NA	NA	NA	NA	NA	NA	NA	NA	NA	NA	NA	NA	NA	NA	NA	NA	NA	NA	NA	NA	NA
LSM5	8.40160486971	TRUE	TRUE	FALSE	TRUE	7.74870878458023	7.33290600776672	NA	7.94293236732483	7.771087729722131	12.720175234570025	NA	5.4593438931983815	NA	NA	NA	NA	NA	NA	NA	NA	NA	NA	NA	NA	NA	NA	NA	NA	NA	NA	NA	NA	NA	NA	NA	NA	NA	NA	NA	NA	NA	NA	NA	NA
LSM8	6.63618957153	FALSE	TRUE	FALSE	TRUE	6.89655256271362	6.19589495658875	NA	6.29623937606812	NA	6.634750412046153	NA	5.1226715541747785	NA	NA	NA	NA	NA	NA	NA	NA	NA	NA	NA	NA	NA	NA	NA	NA	NA	NA	NA	NA	NA	NA	NA	NA	NA	NA	NA	NA	NA	NA	NA	NA
LTV1	6.66505161429	TRUE	TRUE	FALSE	TRUE	6.12661218643188	5.05407953262329	NA	5.27509891986847	8.078548509717393	24.170436703187033	NA	20.854342544646535	NA	NA	NA	NA	NA	NA	NA	NA	NA	NA	NA	NA	NA	NA	NA	NA	NA	NA	NA	NA	NA	NA	NA	NA	NA	NA	NA	NA	NA	NA	NA	NA
LYAR	5.80167602925	TRUE	TRUE	FALSE	TRUE	5.26266095042229	4.66241663694382	NA	5.00036728382111	9.290678695435371	19.636728879076273	NA	13.811676856635469	NA	NA	NA	NA	NA	NA	NA	NA	NA	NA	NA	NA	NA	NA	NA	NA	NA	NA	NA	NA	NA	NA	NA	NA	NA	NA	NA	NA	NA	NA	NA	NA
MAD1L1	6.12515513132	FALSE	TRUE	FALSE	TRUE	7.661625623703	5.67693936824799	NA	5.83922743797302	NA	7.317623039131366	NA	4.668089007002197	NA	NA	NA	NA	NA	NA	NA	NA	NA	NA	NA	NA	NA	NA	NA	NA	NA	NA	NA	NA	NA	NA	NA	NA	NA	NA	NA	NA	NA	NA	NA	NA
MAGEA9B	6.51428009563	TRUE	TRUE	FALSE	TRUE	0.417007636278868	0.0714228814467788	NA	0.07177475374192	93.59856146562365	98.9035951724782	NA	98.89819361942897	NA	NA	NA	NA	NA	NA	NA	NA	NA	NA	NA	NA	NA	NA	NA	NA	NA	NA	NA	NA	NA	NA	NA	NA	NA	NA	NA	NA	NA	NA	NA	NA
MAGED2	8.88065491786	FALSE	TRUE	FALSE	TRUE	9.70274299383163	8.54897677898407	NA	8.71522736549377	NA	3.734838724663058	NA	1.862785502829696	NA	NA	NA	NA	NA	NA	NA	NA	NA	NA	NA	NA	NA	NA	NA	NA	NA	NA	NA	NA	NA	NA	NA	NA	NA	NA	NA	NA	NA	NA	NA	NA
MAGI2-AS3	6.89832929773	TRUE	TRUE	FALSE	TRUE	6.47886189818382	6.19485211372375	NA	6.33911991119385	6.080710001539246	10.197790706189389	NA	8.106446682969544	NA	NA	NA	NA	NA	NA	NA	NA	NA	NA	NA	NA	NA	NA	NA	NA	NA	NA	NA	NA	NA	NA	NA	NA	NA	NA	NA	NA	NA	NA	NA	NA
MALSU1	7.71046207398	TRUE	TRUE	FALSE	TRUE	6.75279104709625	7.07042157649994	NA	7.01663994789124	12.420410316465217	8.300935681143718	NA	8.9984506691260009	NA	NA	NA	NA	NA	NA	NA	NA	NA	NA	NA	NA	NA	NA	NA	NA	NA	NA	NA	NA	NA	NA	NA	NA	NA	NA	NA	NA	NA	NA	NA	NA
MDC1	6.42324199597	FALSE	TRUE	FALSE	TRUE	6.60663270950317	5.83244180679321	NA	6.1078028678894	NA	9.197850393110876	NA	4.910902131330398	NA	NA	NA	NA	NA	NA	NA	NA	NA	NA	NA	NA	NA	NA	NA	NA	NA	NA	NA	NA	NA	NA	NA	NA	NA	NA	NA	NA	NA	NA	NA	NA
MEG3	10.46712661	FALSE	TRUE	FALSE	TRUE	18.0064021646976	9.87167537212372	NA	10.4052820205688	NA	5.688774580288366	NA	0.5908459096321148	NA	NA	NA	NA	NA	NA	NA	NA	NA	NA	NA	NA	NA	NA	NA	NA	NA	NA	NA	NA	NA	NA	NA	NA	NA	NA	NA	NA	NA	NA	NA	NA
METTL17	6.95953834111	FALSE	TRUE	FALSE	TRUE	8.01947873830795	6.79677677154541	NA	6.73384737968445	NA	2.338683423915594	NA	3.2429013299976135	NA	NA	NA	NA	NA	NA	NA	NA	NA	NA	NA	NA	NA	NA	NA	NA	NA	NA	NA	NA	NA	NA	NA	NA	NA	NA	NA	NA	NA	NA	NA	NA
METTL5	6.47994190148	FALSE	TRUE	FALSE	TRUE	6.84686857461929	6.46547651290894	NA	6.47303867340088	NA	0.22323330657881849	NA	0.10653225266639633	NA	NA	NA	NA	NA	NA	NA	NA	NA	NA	NA	NA	NA	NA	NA	NA	NA	NA	NA	NA	NA	NA	NA	NA	NA	NA	NA	NA	NA	NA	NA	NA
MIA3	7.08788710093	TRUE	TRUE	FALSE	TRUE	6.77486795186996	6.2964380979538	NA	6.52922058105469	4.416254725882533	11.16621909613027	NA	7.881989539619037	NA	NA	NA	NA	NA	NA	NA	NA	NA	NA	NA	NA	NA	NA	NA	NA	NA	NA	NA	NA	NA	NA	NA	NA	NA	NA	NA	NA	NA	NA	NA	NA
MIR503HG	6.19770815796	FALSE	TRUE	FALSE	TRUE	13.1681422740221	4.50366318225861	NA	5.19453418254852	NA	27.333409907751953	NA	16.186208673331247	NA	NA	NA	NA	NA	NA	NA	NA	NA	NA	NA	NA	NA	NA	NA	NA	NA	NA	NA	NA	NA	NA	NA	NA	NA	NA	NA	NA	NA	NA	NA	NA
MITD1	5.91767043436	FALSE	TRUE	FALSE	TRUE	6.48167788982391	5.70355129241943	NA	5.90190100669861	NA	3.618301227072758	NA	0.2664803293172076	NA	NA	NA	NA	NA	NA	NA	NA	NA	NA	NA	NA	NA	NA	NA	NA	NA	NA	NA	NA	NA	NA	NA	NA	NA	NA	NA	NA	NA	NA	NA	NA
MORF4L2	9.31192991743	FALSE	TRUE	FALSE	TRUE	10.2091510295868	8.82843601703644	NA	8.90079116821289	NA	5.192198660006662	NA	4.415183027178315	NA	NA	NA	NA	NA	NA	NA	NA	NA	NA	NA	NA	NA	NA	NA	NA	NA	NA	NA	NA	NA	NA	NA	NA	NA	NA	NA	NA	NA	NA	NA	NA
MPHOSPH6	6.26303440583	TRUE	TRUE	FALSE	TRUE	5.65316551923752	5.70888984203339	NA	5.80379199981689	9.737594384357497	8.847860763478801	NA	7.332586351204141	NA	NA	NA	NA	NA	NA	NA	NA	NA	NA	NA	NA	NA	NA	NA	NA	NA	NA	NA	NA	NA	NA	NA	NA	NA	NA	NA	NA	NA	NA	NA	NA
MRPL11	7.39934201913	FALSE	TRUE	FALSE	TRUE	7.47865068912506	6.77236258983612	NA	7.26788997650146	NA	8.47344841842571	NA	1.7765369175892634	NA	NA	NA	NA	NA	NA	NA	NA	NA	NA	NA	NA	NA	NA	NA	NA	NA	NA	NA	NA	NA	NA	NA	NA	NA	NA	NA	NA	NA	NA	NA	NA
MRPL2	7.11727946005	TRUE	TRUE	FALSE	TRUE	6.92447155714035	6.69228887557983	NA	6.78844785690308	2.709011273084041	5.9712504877135135	NA	4.620186758053898	NA	NA	NA	NA	NA	NA	NA	NA	NA	NA	NA	NA	NA	NA	NA	NA	NA	NA	NA	NA	NA	NA	NA	NA	NA	NA	NA	NA	NA	NA	NA	NA
MRPL30	5.79856900356	FALSE	TRUE	FALSE	TRUE	5.88366109132767	5.50906884670258	NA	5.63176727294922	NA	4.992613810056977	NA	2.8766016323746992	NA	NA	NA	NA	NA	NA	NA	NA	NA	NA	NA	NA	NA	NA	NA	NA	NA	NA	NA	NA	NA	NA	NA	NA	NA	NA	NA	NA	NA	NA	NA	NA
MRPL32	7.2174246138099996	TRUE	TRUE	FALSE	TRUE	6.66814321279526	6.56351542472839	NA	6.57293891906738	7.610490312066864	9.060145745483831	NA	8.929579860237743	NA	NA	NA	NA	NA	NA	NA	NA	NA	NA	NA	NA	NA	NA	NA	NA	NA	NA	NA	NA	NA	NA	NA	NA	NA	NA	NA	NA	NA	NA	NA	NA
MRPL45	6.23400306636	FALSE	TRUE	FALSE	TRUE	6.38038098812103	5.920254945755	NA	6.17491698265076	NA	5.032851560469235	NA	0.9478032506605637	NA	NA	NA	NA	NA	NA	NA	NA	NA	NA	NA	NA	NA	NA	NA	NA	NA	NA	NA	NA	NA	NA	NA	NA	NA	NA	NA	NA	NA	NA	NA	NA
MRPL52	8.42701945584	FALSE	TRUE	FALSE	TRUE	8.7170250415802	8.0009092092514	NA	8.02838945388794	NA	5.056476359423871	NA	4.730379513670238	NA	NA	NA	NA	NA	NA	NA	NA	NA	NA	NA	NA	NA	NA	NA	NA	NA	NA	NA	NA	NA	NA	NA	NA	NA	NA	NA	NA	NA	NA	NA	NA
MRPL9	7.40947579806	TRUE	TRUE	FALSE	TRUE	7.3515630364418	6.85825324058533	NA	7.22840809822083	0.781604032411614	7.4394271942826915	NA	2.4437315779691007	NA	NA	NA	NA	NA	NA	NA	NA	NA	NA	NA	NA	NA	NA	NA	NA	NA	NA	NA	NA	NA	NA	NA	NA	NA	NA	NA	NA	NA	NA	NA	NA
MRPS5	6.95221706497	FALSE	TRUE	FALSE	TRUE	7.10953813791275	6.36566126346588	NA	6.37138867378235	NA	8.436960411659006	NA	8.354577910322426	NA	NA	NA	NA	NA	NA	NA	NA	NA	NA	NA	NA	NA	NA	NA	NA	NA	NA	NA	NA	NA	NA	NA	NA	NA	NA	NA	NA	NA	NA	NA	NA
MRPS9	6.58646452589	TRUE	TRUE	FALSE	TRUE	6.09584909677505	5.20593404769897	NA	5.46970081329346	7.448843414952668	20.960114075836234	NA	16.955435016871014	NA	NA	NA	NA	NA	NA	NA	NA	NA	NA	NA	NA	NA	NA	NA	NA	NA	NA	NA	NA	NA	NA	NA	NA	NA	NA	NA	NA	NA	NA	NA	NA
MSH5	6.71630503984	TRUE	TRUE	FALSE	TRUE	6.50756406784058	5.55204999446869	NA	5.53966808319092	3.107973368707997	17.33475532253439	NA	17.51911132191683	NA	NA	NA	NA	NA	NA	NA	NA	NA	NA	NA	NA	NA	NA	NA	NA	NA	NA	NA	NA	NA	NA	NA	NA	NA	NA	NA	NA	NA	NA	NA	NA
MSTO1	6.529196268	FALSE	TRUE	FALSE	TRUE	7.22823983430862	6.20530033111572	NA	6.29013991355896	NA	4.960732126735323	NA	3.6613442854010985	NA	NA	NA	NA	NA	NA	NA	NA	NA	NA	NA	NA	NA	NA	NA	NA	NA	NA	NA	NA	NA	NA	NA	NA	NA	NA	NA	NA	NA	NA	NA	NA
MTERF4	6.12990118237	FALSE	TRUE	FALSE	TRUE	6.58997786045074	5.89570462703705	NA	5.86865186691284	NA	3.8205600443693104	NA	4.261884615832479	NA	NA	NA	NA	NA	NA	NA	NA	NA	NA	NA	NA	NA	NA	NA	NA	NA	NA	NA	NA	NA	NA	NA	NA	NA	NA	NA	NA	NA	NA	NA	NA
MTX2	6.31922050252	FALSE	TRUE	FALSE	TRUE	6.58095586299896	5.85659241676331	NA	6.2227635383606	NA	7.320967603080188	NA	1.5264060515206703	NA	NA	NA	NA	NA	NA	NA	NA	NA	NA	NA	NA	NA	NA	NA	NA	NA	NA	NA	NA	NA	NA	NA	NA	NA	NA	NA	NA	NA	NA	NA	NA
MX2	6.29314973674	FALSE	TRUE	FALSE	TRUE	7.62288129329681	4.98635852336884	NA	5.12495839595795	NA	20.765296680325122	NA	18.562903945571783	NA	NA	NA	NA	NA	NA	NA	NA	NA	NA	NA	NA	NA	NA	NA	NA	NA	NA	NA	NA	NA	NA	NA	NA	NA	NA	NA	NA	NA	NA	NA	NA
MYO19	5.91169158187	FALSE	TRUE	FALSE	TRUE	7.61723583936691	5.47041422128677	NA	5.80037081241608	NA	7.464485494076543	NA	1.8830611832883708	NA	NA	NA	NA	NA	NA	NA	NA	NA	NA	NA	NA	NA	NA	NA	NA	NA	NA	NA	NA	NA	NA	NA	NA	NA	NA	NA	NA	NA	NA	NA	NA
NAA10	7.83668159333	FALSE	TRUE	FALSE	TRUE	8.32158267498016	7.64676177501678	NA	7.58493781089783	NA	2.423472436022732	NA	3.212377323667655	NA	NA	NA	NA	NA	NA	NA	NA	NA	NA	NA	NA	NA	NA	NA	NA	NA	NA	NA	NA	NA	NA	NA	NA	NA	NA	NA	NA	NA	NA	NA	NA
NANS	6.57561487762	FALSE	TRUE	FALSE	TRUE	8.19819700717926	6.38202261924744	NA	6.38721036911011	NA	2.9440936243308244	NA	2.8651998636830345	NA	NA	NA	NA	NA	NA	NA	NA	NA	NA	NA	NA	NA	NA	NA	NA	NA	NA	NA	NA	NA	NA	NA	NA	NA	NA	NA	NA	NA	NA	NA	NA
NASP	8.97257778518	TRUE	TRUE	FALSE	TRUE	8.93421405553818	8.23747146129608	NA	8.94508123397827	0.427566420267612	8.19281082297325	NA	0.30645096492946206	NA	NA	NA	NA	NA	NA	NA	NA	NA	NA	NA	NA	NA	NA	NA	NA	NA	NA	NA	NA	NA	NA	NA	NA	NA	NA	NA	NA	NA	NA	NA	NA
NCL	10.3056741837	TRUE	TRUE	FALSE	TRUE	10.2234514355659	9.5089203119278	NA	9.58540487289429	0.7978395849555198	7.731215421426656	NA	6.989055717916312	NA	NA	NA	NA	NA	NA	NA	NA	NA	NA	NA	NA	NA	NA	NA	NA	NA	NA	NA	NA	NA	NA	NA	NA	NA	NA	NA	NA	NA	NA	NA	NA
NDUFS6	7.65004647885	FALSE	TRUE	FALSE	TRUE	7.94981861114502	7.26801908016205	NA	7.29324102401733	NA	4.993791864456472	NA	4.664095255095847	NA	NA	NA	NA	NA	NA	NA	NA	NA	NA	NA	NA	NA	NA	NA	NA	NA	NA	NA	NA	NA	NA	NA	NA	NA	NA	NA	NA	NA	NA	NA	NA
NDUFV2	7.83187724119	FALSE	TRUE	FALSE	TRUE	7.86912953853607	7.75258076190948	NA	7.74596452713013	NA	1.0124836847988052	NA	1.096961959618464	NA	NA	NA	NA	NA	NA	NA	NA	NA	NA	NA	NA	NA	NA	NA	NA	NA	NA	NA	NA	NA	NA	NA	NA	NA	NA	NA	NA	NA	NA	NA	NA
NEDD8	9.50668444773	TRUE	TRUE	FALSE	TRUE	8.85531848669052	8.7505544424057	NA	8.79902505874634	6.851662791805547	7.953666806568382	NA	7.443808542026818	NA	NA	NA	NA	NA	NA	NA	NA	NA	NA	NA	NA	NA	NA	NA	NA	NA	NA	NA	NA	NA	NA	NA	NA	NA	NA	NA	NA	NA	NA	NA	NA
NELFE	8.13298804263	TRUE	TRUE	FALSE	TRUE	7.90258848667145	7.64179670810699	NA	7.66495966911316	2.8329016930909483	6.03949411886964	NA	5.754691523750127	NA	NA	NA	NA	NA	NA	NA	NA	NA	NA	NA	NA	NA	NA	NA	NA	NA	NA	NA	NA	NA	NA	NA	NA	NA	NA	NA	NA	NA	NA	NA	NA
NGDN	7.037382222	TRUE	TRUE	FALSE	TRUE	6.86438608169556	6.78964221477509	NA	6.70335578918457	2.4582456209870984	3.520343210156105	NA	4.746458587558433	NA	NA	NA	NA	NA	NA	NA	NA	NA	NA	NA	NA	NA	NA	NA	NA	NA	NA	NA	NA	NA	NA	NA	NA	NA	NA	NA	NA	NA	NA	NA	NA
NIF3L1	5.95186750433	FALSE	TRUE	FALSE	TRUE	5.95572555065155	5.64852130413055	NA	5.73570418357849	NA	5.096655797172317	NA	3.6318570699742607	NA	NA	NA	NA	NA	NA	NA	NA	NA	NA	NA	NA	NA	NA	NA	NA	NA	NA	NA	NA	NA	NA	NA	NA	NA	NA	NA	NA	NA	NA	NA	NA
NIFK	7.5643019464	FALSE	TRUE	FALSE	TRUE	7.57456749677658	6.8563688993454	NA	6.90106964111328	NA	9.3588681688139	NA	8.767924786534527	NA	NA	NA	NA	NA	NA	NA	NA	NA	NA	NA	NA	NA	NA	NA	NA	NA	NA	NA	NA	NA	NA	NA	NA	NA	NA	NA	NA	NA	NA	NA	NA
NOC2L	7.08225550938	FALSE	TRUE	FALSE	TRUE	7.14362931251526	6.79949915409088	NA	6.89789247512817	NA	3.9924619341201097	NA	2.6031683551610487	NA	NA	NA	NA	NA	NA	NA	NA	NA	NA	NA	NA	NA	NA	NA	NA	NA	NA	NA	NA	NA	NA	NA	NA	NA	NA	NA	NA	NA	NA	NA	NA
NOL10	6.47605759568	TRUE	TRUE	FALSE	TRUE	5.14909625053406	4.81261444091797	NA	5.0909059047699	20.4902647257356	25.68604633583969	NA	21.388810560210224	NA	NA	NA	NA	NA	NA	NA	NA	NA	NA	NA	NA	NA	NA	NA	NA	NA	NA	NA	NA	NA	NA	NA	NA	NA	NA	NA	NA	NA	NA	NA	NA
NOL7	7.20476675065	TRUE	TRUE	FALSE	TRUE	6.8099570274353	6.79260516166687	NA	6.77685976028442	5.479840456723753	5.720679145455273	NA	5.939220590687061	NA	NA	NA	NA	NA	NA	NA	NA	NA	NA	NA	NA	NA	NA	NA	NA	NA	NA	NA	NA	NA	NA	NA	NA	NA	NA	NA	NA	NA	NA	NA	NA
NOL8	6.23553560671	TRUE	TRUE	FALSE	TRUE	5.79084259271622	5.30094623565674	NA	5.48757660388947	7.131592890196161	14.98811697983983	NA	11.995104350228694	NA	NA	NA	NA	NA	NA	NA	NA	NA	NA	NA	NA	NA	NA	NA	NA	NA	NA	NA	NA	NA	NA	NA	NA	NA	NA	NA	NA	NA	NA	NA	NA
NONO	9.96254902292	TRUE	TRUE	FALSE	TRUE	9.93672448396683	9.33790898323059	NA	9.8486328125	0.259216179451241	6.269881716540131	NA	1.1434444152588046	NA	NA	NA	NA	NA	NA	NA	NA	NA	NA	NA	NA	NA	NA	NA	NA	NA	NA	NA	NA	NA	NA	NA	NA	NA	NA	NA	NA	NA	NA	NA	NA
NOP16	6.22091032165	FALSE	TRUE	FALSE	TRUE	6.38153856992722	5.7130800485611	NA	5.79147338867188	NA	8.163279115623162	NA	6.903120456239242	NA	NA	NA	NA	NA	NA	NA	NA	NA	NA	NA	NA	NA	NA	NA	NA	NA	NA	NA	NA	NA	NA	NA	NA	NA	NA	NA	NA	NA	NA	NA	NA
NRBP1	7.86369071366	FALSE	TRUE	FALSE	TRUE	7.90299087762833	7.01303470134735	NA	7.29459285736084	NA	10.817516142070247	NA	7.237032546442617	NA	NA	NA	NA	NA	NA	NA	NA	NA	NA	NA	NA	NA	NA	NA	NA	NA	NA	NA	NA	NA	NA	NA	NA	NA	NA	NA	NA	NA	NA	NA	NA
NSRP1	6.05224198118	FALSE	TRUE	FALSE	TRUE	6.26073008775711	5.89185118675232	NA	5.88903570175171	NA	2.6501054473107573	NA	2.6966251504119443	NA	NA	NA	NA	NA	NA	NA	NA	NA	NA	NA	NA	NA	NA	NA	NA	NA	NA	NA	NA	NA	NA	NA	NA	NA	NA	NA	NA	NA	NA	NA	NA
NT5C3B	7.55681257086	TRUE	TRUE	FALSE	TRUE	7.3859698176384	7.39224481582642	NA	7.39339280128479	2.260777961867029	2.177740330204483	NA	2.1625489324080465	NA	NA	NA	NA	NA	NA	NA	NA	NA	NA	NA	NA	NA	NA	NA	NA	NA	NA	NA	NA	NA	NA	NA	NA	NA	NA	NA	NA	NA	NA	NA	NA
NTS	5.78502736224	TRUE	TRUE	FALSE	TRUE	1.14850783720613	0.566591210663319	NA	1.48637130856514	80.14689014778627	90.205902665879	NA	74.3065811880688	NA	NA	NA	NA	NA	NA	NA	NA	NA	NA	NA	NA	NA	NA	NA	NA	NA	NA	NA	NA	NA	NA	NA	NA	NA	NA	NA	NA	NA	NA	NA	NA
NUB1	6.71121955689	FALSE	TRUE	FALSE	TRUE	6.86029505729675	6.61960446834564	NA	6.64636707305908	NA	1.3651034326585811	NA	0.96632934269509	NA	NA	NA	NA	NA	NA	NA	NA	NA	NA	NA	NA	NA	NA	NA	NA	NA	NA	NA	NA	NA	NA	NA	NA	NA	NA	NA	NA	NA	NA	NA	NA
NUDT1	7.4620523188	FALSE	TRUE	FALSE	TRUE	8.16280472278595	7.05928432941437	NA	7.21835732460022	NA	5.397549791642307	NA	3.265790479461144	NA	NA	NA	NA	NA	NA	NA	NA	NA	NA	NA	NA	NA	NA	NA	NA	NA	NA	NA	NA	NA	NA	NA	NA	NA	NA	NA	NA	NA	NA	NA	NA
NUDT21	6.87676249078	FALSE	TRUE	FALSE	TRUE	7.21032494306564	6.68783640861511	NA	6.86930227279663	NA	2.7473114335152986	NA	0.1084844502536231	NA	NA	NA	NA	NA	NA	NA	NA	NA	NA	NA	NA	NA	NA	NA	NA	NA	NA	NA	NA	NA	NA	NA	NA	NA	NA	NA	NA	NA	NA	NA	NA
NUP93	6.75608924737	FALSE	TRUE	FALSE	TRUE	6.98710781335831	6.21193754673004	NA	6.62654829025269	NA	8.054240859115161	NA	1.9173955875100048	NA	NA	NA	NA	NA	NA	NA	NA	NA	NA	NA	NA	NA	NA	NA	NA	NA	NA	NA	NA	NA	NA	NA	NA	NA	NA	NA	NA	NA	NA	NA	NA
NUTF2	7.79044624804	TRUE	TRUE	FALSE	FALSE	7.7662792801857	7.75107884407043	NA	7.96878862380981	0.3102128823542056	0.5053292547840199	NA	NA	NA	NA	NA	NA	NA	NA	NA	NA	NA	NA	NA	NA	NA	NA	NA	NA	NA	NA	NA	NA	NA	NA	NA	NA	NA	NA	NA	NA	NA	NA	NA	NA
OARD1	6.17412673742	TRUE	TRUE	FALSE	TRUE	5.58506697416306	5.94435024261475	NA	5.94655132293701	9.540778612249417	3.7216031445002	NA	3.685953077440189	NA	NA	NA	NA	NA	NA	NA	NA	NA	NA	NA	NA	NA	NA	NA	NA	NA	NA	NA	NA	NA	NA	NA	NA	NA	NA	NA	NA	NA	NA	NA	NA
OSGEP	6.81211311298	FALSE	TRUE	FALSE	TRUE	6.84822189807892	6.75228023529053	NA	6.80628895759583	NA	0.8783306544846171	NA	0.08549704456716244	NA	NA	NA	NA	NA	NA	NA	NA	NA	NA	NA	NA	NA	NA	NA	NA	NA	NA	NA	NA	NA	NA	NA	NA	NA	NA	NA	NA	NA	NA	NA	NA
OXA1L	7.41362792902	FALSE	TRUE	FALSE	TRUE	7.78423827886581	7.13674402236938	NA	7.33040046691895	NA	3.7347963682771477	NA	1.1226279885892732	NA	NA	NA	NA	NA	NA	NA	NA	NA	NA	NA	NA	NA	NA	NA	NA	NA	NA	NA	NA	NA	NA	NA	NA	NA	NA	NA	NA	NA	NA	NA	NA
PABPN1	8.5351198216	FALSE	TRUE	FALSE	TRUE	8.56903433799744	8.12301778793335	NA	8.30953931808472	NA	4.828309880591668	NA	2.642968209355408	NA	NA	NA	NA	NA	NA	NA	NA	NA	NA	NA	NA	NA	NA	NA	NA	NA	NA	NA	NA	NA	NA	NA	NA	NA	NA	NA	NA	NA	NA	NA	NA
PAK1IP1	5.81326814177	TRUE	TRUE	FALSE	TRUE	5.25933957099915	5.15628385543823	NA	5.26945984363556	9.528694656121473	11.301461936894837	NA	9.354605445205966	NA	NA	NA	NA	NA	NA	NA	NA	NA	NA	NA	NA	NA	NA	NA	NA	NA	NA	NA	NA	NA	NA	NA	NA	NA	NA	NA	NA	NA	NA	NA	NA
PARP1	7.95407995932	FALSE	TRUE	FALSE	TRUE	8.27760529518127	7.77490901947021	NA	7.92052221298218	NA	2.252566491236362	NA	0.4218935000584032	NA	NA	NA	NA	NA	NA	NA	NA	NA	NA	NA	NA	NA	NA	NA	NA	NA	NA	NA	NA	NA	NA	NA	NA	NA	NA	NA	NA	NA	NA	NA	NA
PARP2	6.79688323324	FALSE	TRUE	FALSE	TRUE	7.01827472448349	6.61728739738464	NA	6.47985482215881	NA	2.6423263382994535	NA	4.664320398072604	NA	NA	NA	NA	NA	NA	NA	NA	NA	NA	NA	NA	NA	NA	NA	NA	NA	NA	NA	NA	NA	NA	NA	NA	NA	NA	NA	NA	NA	NA	NA	NA
PBDC1	6.22438762793	FALSE	TRUE	FALSE	TRUE	6.26566237211227	5.68252289295197	NA	5.74411869049072	NA	8.70551076457033	NA	7.715922692285784	NA	NA	NA	NA	NA	NA	NA	NA	NA	NA	NA	NA	NA	NA	NA	NA	NA	NA	NA	NA	NA	NA	NA	NA	NA	NA	NA	NA	NA	NA	NA	NA
PBX2	7.30314143786	FALSE	TRUE	FALSE	TRUE	7.48248237371445	6.29312086105347	NA	6.73132705688477	NA	13.829946816728917	NA	7.829704324373396	NA	NA	NA	NA	NA	NA	NA	NA	NA	NA	NA	NA	NA	NA	NA	NA	NA	NA	NA	NA	NA	NA	NA	NA	NA	NA	NA	NA	NA	NA	NA	NA
PDCL3	6.11582397744	TRUE	TRUE	FALSE	TRUE	6.01596403121948	5.56615877151489	NA	5.7644054889679	1.632812628173777	8.98759035499894	NA	5.746053021938	NA	NA	NA	NA	NA	NA	NA	NA	NA	NA	NA	NA	NA	NA	NA	NA	NA	NA	NA	NA	NA	NA	NA	NA	NA	NA	NA	NA	NA	NA	NA	NA
PDHA1	7.9267110991	FALSE	TRUE	FALSE	TRUE	8.28276395797729	7.69200396537781	NA	7.72700476646423	NA	2.960964904458782	NA	2.519409754424444	NA	NA	NA	NA	NA	NA	NA	NA	NA	NA	NA	NA	NA	NA	NA	NA	NA	NA	NA	NA	NA	NA	NA	NA	NA	NA	NA	NA	NA	NA	NA	NA
PFDN6	7.8742436792	TRUE	TRUE	FALSE	TRUE	7.81340706348419	7.47748649120331	NA	7.66628503799438	0.7726026548620962	5.0386704318629825	NA	2.640998293651331	NA	NA	NA	NA	NA	NA	NA	NA	NA	NA	NA	NA	NA	NA	NA	NA	NA	NA	NA	NA	NA	NA	NA	NA	NA	NA	NA	NA	NA	NA	NA	NA
PIP5K1A	7.07156962214	FALSE	TRUE	FALSE	TRUE	7.12911862134933	6.14824521541595	NA	6.4295608997345	NA	13.056852383002255	NA	9.078730136453293	NA	NA	NA	NA	NA	NA	NA	NA	NA	NA	NA	NA	NA	NA	NA	NA	NA	NA	NA	NA	NA	NA	NA	NA	NA	NA	NA	NA	NA	NA	NA	NA
PLAGL1	6.84937382267	FALSE	TRUE	FALSE	TRUE	9.53091952204704	4.07374328374863	NA	5.89752435684204	NA	40.523858250145594	NA	13.896882992099746	NA	NA	NA	NA	NA	NA	NA	NA	NA	NA	NA	NA	NA	NA	NA	NA	NA	NA	NA	NA	NA	NA	NA	NA	NA	NA	NA	NA	NA	NA	NA	NA
PNN	7.87190523766	FALSE	TRUE	FALSE	TRUE	9.00548851490021	6.95521295070648	NA	7.19646763801575	NA	11.645113340134866	NA	8.580357349995623	NA	NA	NA	NA	NA	NA	NA	NA	NA	NA	NA	NA	NA	NA	NA	NA	NA	NA	NA	NA	NA	NA	NA	NA	NA	NA	NA	NA	NA	NA	NA	NA
POLB	6.48751850607	FALSE	TRUE	FALSE	TRUE	6.57711786031723	5.48421192169189	NA	6.0145800113678	NA	15.465182618583256	NA	7.289975269584183	NA	NA	NA	NA	NA	NA	NA	NA	NA	NA	NA	NA	NA	NA	NA	NA	NA	NA	NA	NA	NA	NA	NA	NA	NA	NA	NA	NA	NA	NA	NA	NA
POLR1C	5.83137058797	FALSE	TRUE	FALSE	TRUE	5.99861639738083	5.74505650997162	NA	5.76725244522095	NA	1.4801679415889666	NA	1.0995381237015687	NA	NA	NA	NA	NA	NA	NA	NA	NA	NA	NA	NA	NA	NA	NA	NA	NA	NA	NA	NA	NA	NA	NA	NA	NA	NA	NA	NA	NA	NA	NA	NA
POLR2D	5.98390566263	FALSE	TRUE	FALSE	TRUE	5.99540987610817	5.39281290769577	NA	5.64363467693329	NA	9.878042674129274	NA	5.686436332406286	NA	NA	NA	NA	NA	NA	NA	NA	NA	NA	NA	NA	NA	NA	NA	NA	NA	NA	NA	NA	NA	NA	NA	NA	NA	NA	NA	NA	NA	NA	NA	NA
POLR3D	6.2789140195	FALSE	TRUE	FALSE	TRUE	6.40054547786713	5.61367428302765	NA	5.78026115894318	NA	10.594821563193255	NA	7.94170550843964	NA	NA	NA	NA	NA	NA	NA	NA	NA	NA	NA	NA	NA	NA	NA	NA	NA	NA	NA	NA	NA	NA	NA	NA	NA	NA	NA	NA	NA	NA	NA	NA
PPAN	6.49952702422	FALSE	TRUE	FALSE	TRUE	6.8122683763504	6.30875039100647	NA	6.3410964012146	NA	2.935238710487937	NA	2.4375715712084958	NA	NA	NA	NA	NA	NA	NA	NA	NA	NA	NA	NA	NA	NA	NA	NA	NA	NA	NA	NA	NA	NA	NA	NA	NA	NA	NA	NA	NA	NA	NA	NA
PPIA	12.4036298847	TRUE	TRUE	FALSE	TRUE	12.0627262592316	11.8187329769135	NA	12.2389426231384	2.748418234317919	4.715530157087135	NA	1.327734405915682	NA	NA	NA	NA	NA	NA	NA	NA	NA	NA	NA	NA	NA	NA	NA	NA	NA	NA	NA	NA	NA	NA	NA	NA	NA	NA	NA	NA	NA	NA	NA	NA
PPIH	7.24631306996	TRUE	TRUE	FALSE	FALSE	6.96891438961029	6.87701022624969	NA	7.4604172706604	3.828135462428231	5.09642407310934	NA	NA	NA	NA	NA	NA	NA	NA	NA	NA	NA	NA	NA	NA	NA	NA	NA	NA	NA	NA	NA	NA	NA	NA	NA	NA	NA	NA	NA	NA	NA	NA	NA	NA
PPIL1	6.87823487911	TRUE	TRUE	FALSE	TRUE	6.31262600421906	6.63787281513214	NA	6.73925018310547	8.223168950056653	3.494531201716696	NA	2.0206448085488176	NA	NA	NA	NA	NA	NA	NA	NA	NA	NA	NA	NA	NA	NA	NA	NA	NA	NA	NA	NA	NA	NA	NA	NA	NA	NA	NA	NA	NA	NA	NA	NA
PPM1G	7.97171597732	TRUE	TRUE	FALSE	TRUE	7.27921432256699	7.17710542678833	NA	7.31220746040344	8.686983539343574	9.96787332604904	NA	8.273106051355825	NA	NA	NA	NA	NA	NA	NA	NA	NA	NA	NA	NA	NA	NA	NA	NA	NA	NA	NA	NA	NA	NA	NA	NA	NA	NA	NA	NA	NA	NA	NA	NA
PPP6R1	7.03979640762	TRUE	TRUE	FALSE	TRUE	6.54956459999084	6.31254577636719	NA	6.2646267414093	6.963721381182617	10.330563401885044	NA	11.011251197146024	NA	NA	NA	NA	NA	NA	NA	NA	NA	NA	NA	NA	NA	NA	NA	NA	NA	NA	NA	NA	NA	NA	NA	NA	NA	NA	NA	NA	NA	NA	NA	NA
PPP6R3	6.23476954003	FALSE	TRUE	FALSE	TRUE	6.9572662115097	6.03755211830139	NA	6.18559718132019	NA	3.1631870346191095	NA	0.7886796519759293	NA	NA	NA	NA	NA	NA	NA	NA	NA	NA	NA	NA	NA	NA	NA	NA	NA	NA	NA	NA	NA	NA	NA	NA	NA	NA	NA	NA	NA	NA	NA	NA
PRAME	7.99186193056	FALSE	TRUE	FALSE	TRUE	16.4216864798218	0.488497875630856	NA	2.98246536729857	NA	93.88755862056507	NA	62.68122005594277	NA	NA	NA	NA	NA	NA	NA	NA	NA	NA	NA	NA	NA	NA	NA	NA	NA	NA	NA	NA	NA	NA	NA	NA	NA	NA	NA	NA	NA	NA	NA	NA
PREB	6.80980027755	FALSE	TRUE	FALSE	TRUE	7.01992571353912	6.42518091201782	NA	6.41926288604736	NA	5.648027105878016	NA	5.734931651228193	NA	NA	NA	NA	NA	NA	NA	NA	NA	NA	NA	NA	NA	NA	NA	NA	NA	NA	NA	NA	NA	NA	NA	NA	NA	NA	NA	NA	NA	NA	NA	NA
PREP	6.07489072013	FALSE	TRUE	FALSE	TRUE	6.17827862501144	5.35144412517548	NA	5.72905361652374	NA	11.908800146104339	NA	5.692894235286905	NA	NA	NA	NA	NA	NA	NA	NA	NA	NA	NA	NA	NA	NA	NA	NA	NA	NA	NA	NA	NA	NA	NA	NA	NA	NA	NA	NA	NA	NA	NA	NA
PRMT5	7.95093492831	TRUE	TRUE	FALSE	TRUE	7.15299659967422	7.21925938129425	NA	7.24502635002136	10.03577989042081	9.202383790245285	NA	8.878309087591584	NA	NA	NA	NA	NA	NA	NA	NA	NA	NA	NA	NA	NA	NA	NA	NA	NA	NA	NA	NA	NA	NA	NA	NA	NA	NA	NA	NA	NA	NA	NA	NA
PRPF3	7.17412673742	FALSE	TRUE	FALSE	TRUE	7.6836239695549	6.89592969417572	NA	6.91241598129272	NA	3.8777826685610877	NA	3.6479806630987635	NA	NA	NA	NA	NA	NA	NA	NA	NA	NA	NA	NA	NA	NA	NA	NA	NA	NA	NA	NA	NA	NA	NA	NA	NA	NA	NA	NA	NA	NA	NA	NA
PRPF31	8.40322510903	TRUE	TRUE	FALSE	TRUE	6.95518046617508	7.12645578384399	NA	7.11486482620239	17.23201061576786	15.193801292006448	NA	15.331735924141249	NA	NA	NA	NA	NA	NA	NA	NA	NA	NA	NA	NA	NA	NA	NA	NA	NA	NA	NA	NA	NA	NA	NA	NA	NA	NA	NA	NA	NA	NA	NA	NA
PRPF40A	7.07948478383	TRUE	TRUE	FALSE	TRUE	6.88235569000244	6.58722591400146	NA	7.02229428291321	2.784511865578352	6.953314893096324	NA	0.8078342232956969	NA	NA	NA	NA	NA	NA	NA	NA	NA	NA	NA	NA	NA	NA	NA	NA	NA	NA	NA	NA	NA	NA	NA	NA	NA	NA	NA	NA	NA	NA	NA	NA
PSMA3-AS1	6.32409051604	FALSE	TRUE	FALSE	TRUE	7.63977068662643	6.16358602046967	NA	6.30160117149353	NA	2.5379854251490745	NA	0.3556138940362936	NA	NA	NA	NA	NA	NA	NA	NA	NA	NA	NA	NA	NA	NA	NA	NA	NA	NA	NA	NA	NA	NA	NA	NA	NA	NA	NA	NA	NA	NA	NA	NA
PSMA6	8.5689061545	TRUE	TRUE	FALSE	TRUE	8.4313023686409	8.14459562301636	NA	8.10721278190613	1.6058500744209643	4.951746743787276	NA	5.388008273978008	NA	NA	NA	NA	NA	NA	NA	NA	NA	NA	NA	NA	NA	NA	NA	NA	NA	NA	NA	NA	NA	NA	NA	NA	NA	NA	NA	NA	NA	NA	NA	NA
PSMB4	9.2816982501	FALSE	TRUE	FALSE	TRUE	9.80198585987091	9.19515883922577	NA	9.20016551017761	NA	0.9323661310934842	NA	0.8784248068128143	NA	NA	NA	NA	NA	NA	NA	NA	NA	NA	NA	NA	NA	NA	NA	NA	NA	NA	NA	NA	NA	NA	NA	NA	NA	NA	NA	NA	NA	NA	NA	NA
PSMB5	8.74052285835	TRUE	TRUE	FALSE	TRUE	8.19001632928848	8.02056479454041	NA	8.1919686794281	6.298324916976908	8.23701368301781	NA	6.275988150958884	NA	NA	NA	NA	NA	NA	NA	NA	NA	NA	NA	NA	NA	NA	NA	NA	NA	NA	NA	NA	NA	NA	NA	NA	NA	NA	NA	NA	NA	NA	NA	NA
PSMC1	8.21499901884	TRUE	TRUE	FALSE	TRUE	8.09411543607712	7.63592135906219	NA	7.93277168273926	1.4714984443169181	7.049028958491327	NA	3.4355127183033156	NA	NA	NA	NA	NA	NA	NA	NA	NA	NA	NA	NA	NA	NA	NA	NA	NA	NA	NA	NA	NA	NA	NA	NA	NA	NA	NA	NA	NA	NA	NA	NA
PSMC6	7.23830919344	FALSE	TRUE	FALSE	TRUE	7.36994481086731	6.82377684116364	NA	6.99160957336426	NA	5.72692242343069	NA	3.408249267651093	NA	NA	NA	NA	NA	NA	NA	NA	NA	NA	NA	NA	NA	NA	NA	NA	NA	NA	NA	NA	NA	NA	NA	NA	NA	NA	NA	NA	NA	NA	NA	NA
PSMD11	7.38266725275	TRUE	TRUE	FALSE	TRUE	7.00870949029922	6.58370506763458	NA	6.90341258049011	5.065347653471483	10.822134572268736	NA	6.491619571251446	NA	NA	NA	NA	NA	NA	NA	NA	NA	NA	NA	NA	NA	NA	NA	NA	NA	NA	NA	NA	NA	NA	NA	NA	NA	NA	NA	NA	NA	NA	NA	NA
PSMD12	6.25209770304	TRUE	TRUE	FALSE	TRUE	5.89735007286072	5.61395764350891	NA	5.67685282230377	5.674057684779746	10.206815213729021	NA	9.200829994331729	NA	NA	NA	NA	NA	NA	NA	NA	NA	NA	NA	NA	NA	NA	NA	NA	NA	NA	NA	NA	NA	NA	NA	NA	NA	NA	NA	NA	NA	NA	NA	NA
PSMD3	7.56346323668	FALSE	TRUE	FALSE	TRUE	7.5986300110817	7.51199746131897	NA	7.53085112571716	NA	0.6804525089966715	NA	0.4311796057219205	NA	NA	NA	NA	NA	NA	NA	NA	NA	NA	NA	NA	NA	NA	NA	NA	NA	NA	NA	NA	NA	NA	NA	NA	NA	NA	NA	NA	NA	NA	NA	NA
PSMD4	9.14870536149	TRUE	TRUE	FALSE	TRUE	8.98468488454819	8.19300043582916	NA	8.33047413825989	1.7928271865899976	10.4463406339844	NA	8.94368318685093	NA	NA	NA	NA	NA	NA	NA	NA	NA	NA	NA	NA	NA	NA	NA	NA	NA	NA	NA	NA	NA	NA	NA	NA	NA	NA	NA	NA	NA	NA	NA	NA
PSMD7	7.62263756654	TRUE	TRUE	FALSE	TRUE	7.27319997549057	7.1593005657196	NA	7.10943245887756	4.5842083924245065	6.078434095492667	NA	6.732644746421933	NA	NA	NA	NA	NA	NA	NA	NA	NA	NA	NA	NA	NA	NA	NA	NA	NA	NA	NA	NA	NA	NA	NA	NA	NA	NA	NA	NA	NA	NA	NA	NA
PSMG1	6.3883617684	FALSE	TRUE	FALSE	TRUE	7.25597113370895	6.17406976222992	NA	6.34191465377808	NA	3.354412507289025	NA	0.7270583023596275	NA	NA	NA	NA	NA	NA	NA	NA	NA	NA	NA	NA	NA	NA	NA	NA	NA	NA	NA	NA	NA	NA	NA	NA	NA	NA	NA	NA	NA	NA	NA	NA
PSMG3	7.56529252058	FALSE	TRUE	FALSE	TRUE	7.97522675991058	7.22066211700439	NA	7.21567797660828	NA	4.555414118331917	NA	4.621295779649727	NA	NA	NA	NA	NA	NA	NA	NA	NA	NA	NA	NA	NA	NA	NA	NA	NA	NA	NA	NA	NA	NA	NA	NA	NA	NA	NA	NA	NA	NA	NA	NA
PTH1R	6.00292750206	FALSE	TRUE	FALSE	TRUE	7.86283257603645	5.62722992897034	NA	5.82993996143341	NA	6.258572554153521	NA	2.8817196370808604	NA	NA	NA	NA	NA	NA	NA	NA	NA	NA	NA	NA	NA	NA	NA	NA	NA	NA	NA	NA	NA	NA	NA	NA	NA	NA	NA	NA	NA	NA	NA	NA
PTMA	11.4473828953	TRUE	TRUE	FALSE	FALSE	11.272308588028	10.8444042205811	NA	11.8634586334229	1.5293828194030377	5.267393256903	NA	NA	NA	NA	NA	NA	NA	NA	NA	NA	NA	NA	NA	NA	NA	NA	NA	NA	NA	NA	NA	NA	NA	NA	NA	NA	NA	NA	NA	NA	NA	NA	NA	NA
QPRT	7.75602251001	FALSE	TRUE	FALSE	TRUE	8.72435232996941	7.03780555725098	NA	7.74613177776337	NA	9.26011949851979	NA	0.1275232534957818	NA	NA	NA	NA	NA	NA	NA	NA	NA	NA	NA	NA	NA	NA	NA	NA	NA	NA	NA	NA	NA	NA	NA	NA	NA	NA	NA	NA	NA	NA	NA	NA
RAD51C	6.24145887127	FALSE	TRUE	FALSE	TRUE	6.48554021120071	5.98938131332397	NA	6.0726261138916	NA	4.038760218486186	NA	2.705020746921085	NA	NA	NA	NA	NA	NA	NA	NA	NA	NA	NA	NA	NA	NA	NA	NA	NA	NA	NA	NA	NA	NA	NA	NA	NA	NA	NA	NA	NA	NA	NA	NA
RALA	6.60895705222	FALSE	TRUE	FALSE	TRUE	6.83417618274689	6.43122136592865	NA	6.43251299858093	NA	2.6893151958318047	NA	2.6697715274121987	NA	NA	NA	NA	NA	NA	NA	NA	NA	NA	NA	NA	NA	NA	NA	NA	NA	NA	NA	NA	NA	NA	NA	NA	NA	NA	NA	NA	NA	NA	NA	NA
RARS	6.90255600534	TRUE	TRUE	FALSE	TRUE	6.55003941059113	5.82245969772339	NA	6.42661023139954	5.107044324974024	15.647773184035296	NA	6.89521060853771	NA	NA	NA	NA	NA	NA	NA	NA	NA	NA	NA	NA	NA	NA	NA	NA	NA	NA	NA	NA	NA	NA	NA	NA	NA	NA	NA	NA	NA	NA	NA	NA
RARS2	6.49377540846	TRUE	TRUE	FALSE	TRUE	6.13274258375168	5.43923079967499	NA	6.03464794158936	5.5596752582168385	16.239314458137322	NA	7.070270189395457	NA	NA	NA	NA	NA	NA	NA	NA	NA	NA	NA	NA	NA	NA	NA	NA	NA	NA	NA	NA	NA	NA	NA	NA	NA	NA	NA	NA	NA	NA	NA	NA
RBM28	6.80193464627	TRUE	TRUE	FALSE	TRUE	6.32504907250404	5.9621570110321	NA	5.96926248073578	7.011028458314748	12.346158540326641	NA	12.241696059088657	NA	NA	NA	NA	NA	NA	NA	NA	NA	NA	NA	NA	NA	NA	NA	NA	NA	NA	NA	NA	NA	NA	NA	NA	NA	NA	NA	NA	NA	NA	NA	NA
RBM34	7.11696769451	FALSE	TRUE	FALSE	TRUE	7.20476138591766	6.89135921001434	NA	6.8944399356842	NA	3.170008551109403	NA	3.1267214968174963	NA	NA	NA	NA	NA	NA	NA	NA	NA	NA	NA	NA	NA	NA	NA	NA	NA	NA	NA	NA	NA	NA	NA	NA	NA	NA	NA	NA	NA	NA	NA	NA
RBM8A	8.96436975029	TRUE	TRUE	FALSE	TRUE	8.39604967832565	7.95456910133362	NA	8.33249664306641	6.339766071630028	11.264602834167043	NA	7.048717587794159	NA	NA	NA	NA	NA	NA	NA	NA	NA	NA	NA	NA	NA	NA	NA	NA	NA	NA	NA	NA	NA	NA	NA	NA	NA	NA	NA	NA	NA	NA	NA	NA
RDH14	5.77557736093	TRUE	TRUE	FALSE	TRUE	5.74293398857117	5.00723540782928	NA	5.11536180973053	0.565196694959928	13.303292555620777	NA	11.43116107604453	NA	NA	NA	NA	NA	NA	NA	NA	NA	NA	NA	NA	NA	NA	NA	NA	NA	NA	NA	NA	NA	NA	NA	NA	NA	NA	NA	NA	NA	NA	NA	NA
REEP4	6.20789285164	FALSE	TRUE	FALSE	TRUE	6.54233378171921	5.90813392400742	NA	6.05133104324341	NA	4.828674315043777	NA	2.521979875268452	NA	NA	NA	NA	NA	NA	NA	NA	NA	NA	NA	NA	NA	NA	NA	NA	NA	NA	NA	NA	NA	NA	NA	NA	NA	NA	NA	NA	NA	NA	NA	NA
RHNO1	6.65821148275	TRUE	TRUE	FALSE	TRUE	6.51336389780045	6.08371162414551	NA	6.49461197853088	2.1754728777362917	8.628441137577203	NA	2.4571088593831942	NA	NA	NA	NA	NA	NA	NA	NA	NA	NA	NA	NA	NA	NA	NA	NA	NA	NA	NA	NA	NA	NA	NA	NA	NA	NA	NA	NA	NA	NA	NA	NA
RNASEH1	5.77873424412	TRUE	TRUE	FALSE	TRUE	5.18601760268211	4.87355095148087	NA	4.85004055500031	10.256859312071551	15.664040850471286	NA	16.070884209023077	NA	NA	NA	NA	NA	NA	NA	NA	NA	NA	NA	NA	NA	NA	NA	NA	NA	NA	NA	NA	NA	NA	NA	NA	NA	NA	NA	NA	NA	NA	NA	NA
RNF212	6.10118781526	FALSE	TRUE	FALSE	TRUE	10.7939214259386	2.5851467102766	NA	3.17289887368679	NA	57.628796415498726	NA	47.99539090157352	NA	NA	NA	NA	NA	NA	NA	NA	NA	NA	NA	NA	NA	NA	NA	NA	NA	NA	NA	NA	NA	NA	NA	NA	NA	NA	NA	NA	NA	NA	NA	NA
RNF25	6.52825874276	TRUE	TRUE	FALSE	TRUE	6.13094526529312	6.16324830055237	NA	6.11642456054688	6.086055916633377	5.591237366509652	NA	6.308484366828355	NA	NA	NA	NA	NA	NA	NA	NA	NA	NA	NA	NA	NA	NA	NA	NA	NA	NA	NA	NA	NA	NA	NA	NA	NA	NA	NA	NA	NA	NA	NA	NA
RNF31	6.55043897761	FALSE	TRUE	FALSE	TRUE	6.72167176008224	6.19398784637451	NA	6.1982114315033	NA	5.44163730787925	NA	5.377159413447641	NA	NA	NA	NA	NA	NA	NA	NA	NA	NA	NA	NA	NA	NA	NA	NA	NA	NA	NA	NA	NA	NA	NA	NA	NA	NA	NA	NA	NA	NA	NA	NA
RP11-14P20.1	5.84849775539	TRUE	TRUE	FALSE	TRUE	0	0	NA	0	100	100	NA	100	NA	NA	NA	NA	NA	NA	NA	NA	NA	NA	NA	NA	NA	NA	NA	NA	NA	NA	NA	NA	NA	NA	NA	NA	NA	NA	NA	NA	NA	NA	NA	NA
RP11-423H2.1	7.06899318861	TRUE	TRUE	FALSE	TRUE	6.48198986053467	5.60982346534729	NA	6.33752715587616	8.303917013545108	20.64183235618072	NA	10.347527762686546	NA	NA	NA	NA	NA	NA	NA	NA	NA	NA	NA	NA	NA	NA	NA	NA	NA	NA	NA	NA	NA	NA	NA	NA	NA	NA	NA	NA	NA	NA	NA	NA
RP11-632C17__A.1	8.1332449831	TRUE	TRUE	FALSE	TRUE	7.01942864060402	7.34351086616516	NA	7.27521026134491	13.694611988331474	9.709951176631495	NA	10.549721833511644	NA	NA	NA	NA	NA	NA	NA	NA	NA	NA	NA	NA	NA	NA	NA	NA	NA	NA	NA	NA	NA	NA	NA	NA	NA	NA	NA	NA	NA	NA	NA	NA
RP4-765C7.2	6.39848719002	TRUE	TRUE	FALSE	TRUE	2.45018977671862	2.29615956544876	NA	2.90890365839005	61.70673310809642	64.11402418637049	NA	54.53763410002298	NA	NA	NA	NA	NA	NA	NA	NA	NA	NA	NA	NA	NA	NA	NA	NA	NA	NA	NA	NA	NA	NA	NA	NA	NA	NA	NA	NA	NA	NA	NA	NA
RP9	6.82718389582	TRUE	TRUE	FALSE	TRUE	5.8275979757309	5.56722044944763	NA	5.95030438899994	14.641262566562832	18.455097527749224	NA	12.84394151674949	NA	NA	NA	NA	NA	NA	NA	NA	NA	NA	NA	NA	NA	NA	NA	NA	NA	NA	NA	NA	NA	NA	NA	NA	NA	NA	NA	NA	NA	NA	NA	NA
RPF2	6.08065766335	TRUE	TRUE	FALSE	TRUE	5.88828861713409	5.14220058917999	NA	5.63439106941223	3.1636223722209857	15.43347983272238	NA	7.339117224565313	NA	NA	NA	NA	NA	NA	NA	NA	NA	NA	NA	NA	NA	NA	NA	NA	NA	NA	NA	NA	NA	NA	NA	NA	NA	NA	NA	NA	NA	NA	NA	NA
RPL26L1	7.22901103701	TRUE	TRUE	FALSE	TRUE	7.02641475200653	6.95394647121429	NA	7.11931467056274	2.80254496730256	3.8050096256248076	NA	1.5174463821628386	NA	NA	NA	NA	NA	NA	NA	NA	NA	NA	NA	NA	NA	NA	NA	NA	NA	NA	NA	NA	NA	NA	NA	NA	NA	NA	NA	NA	NA	NA	NA	NA
RPS6KB2	6.33252892811	FALSE	TRUE	FALSE	TRUE	6.6660943031311	5.9528728723526	NA	6.11681461334229	NA	5.995330776494566	NA	3.4064481539145945	NA	NA	NA	NA	NA	NA	NA	NA	NA	NA	NA	NA	NA	NA	NA	NA	NA	NA	NA	NA	NA	NA	NA	NA	NA	NA	NA	NA	NA	NA	NA	NA
RRP36	7.11790278909	TRUE	TRUE	FALSE	TRUE	6.77486473321915	6.53080487251282	NA	6.60264253616333	4.8193697783656635	8.24818677598488	NA	7.23893354818554	NA	NA	NA	NA	NA	NA	NA	NA	NA	NA	NA	NA	NA	NA	NA	NA	NA	NA	NA	NA	NA	NA	NA	NA	NA	NA	NA	NA	NA	NA	NA	NA
RRP9	5.88313201566	TRUE	TRUE	FALSE	TRUE	5.79722493886948	5.70002174377441	NA	5.74534678459167	1.4602269090995885	3.112462399248886	NA	2.3420387423155993	NA	NA	NA	NA	NA	NA	NA	NA	NA	NA	NA	NA	NA	NA	NA	NA	NA	NA	NA	NA	NA	NA	NA	NA	NA	NA	NA	NA	NA	NA	NA	NA
SAP25	8.75515464318	TRUE	TRUE	FALSE	TRUE	6.62358744442463	4.87942185997963	NA	5.0310135781765	24.34642545595463	44.268010573856024	NA	42.536553799246626	NA	NA	NA	NA	NA	NA	NA	NA	NA	NA	NA	NA	NA	NA	NA	NA	NA	NA	NA	NA	NA	NA	NA	NA	NA	NA	NA	NA	NA	NA	NA	NA
SCFD1	6.5397791917	FALSE	TRUE	FALSE	TRUE	6.89292734861374	6.20123767852783	NA	6.24705529212952	NA	5.176650514467397	NA	4.476051728810542	NA	NA	NA	NA	NA	NA	NA	NA	NA	NA	NA	NA	NA	NA	NA	NA	NA	NA	NA	NA	NA	NA	NA	NA	NA	NA	NA	NA	NA	NA	NA	NA
SCNM1	7.57833494868	TRUE	TRUE	FALSE	TRUE	7.56725031137466	7.04614329338074	NA	7.1320686340332	0.14626745030939947	7.022540688729492	NA	5.888711935654569	NA	NA	NA	NA	NA	NA	NA	NA	NA	NA	NA	NA	NA	NA	NA	NA	NA	NA	NA	NA	NA	NA	NA	NA	NA	NA	NA	NA	NA	NA	NA	NA
SEC13	7.62804448262	FALSE	TRUE	FALSE	TRUE	8.78928655385971	7.50583875179291	NA	7.49475622177124	NA	1.6020584450644904	NA	1.747345091555881	NA	NA	NA	NA	NA	NA	NA	NA	NA	NA	NA	NA	NA	NA	NA	NA	NA	NA	NA	NA	NA	NA	NA	NA	NA	NA	NA	NA	NA	NA	NA	NA
SEC23A	6.41835863488	FALSE	TRUE	FALSE	TRUE	7.7290620803833	5.74692064523697	NA	6.23147571086884	NA	10.461210222722048	NA	2.911693388330798	NA	NA	NA	NA	NA	NA	NA	NA	NA	NA	NA	NA	NA	NA	NA	NA	NA	NA	NA	NA	NA	NA	NA	NA	NA	NA	NA	NA	NA	NA	NA	NA
SEMA3A	5.80245174128	FALSE	TRUE	FALSE	TRUE	6.36979037895799	3.81698255240917	NA	5.0235929787159	NA	34.21776306635586	NA	13.422925295924754	NA	NA	NA	NA	NA	NA	NA	NA	NA	NA	NA	NA	NA	NA	NA	NA	NA	NA	NA	NA	NA	NA	NA	NA	NA	NA	NA	NA	NA	NA	NA	NA
SEMA4C	6.33860269035	FALSE	TRUE	FALSE	TRUE	7.06337386369705	5.9420337677002	NA	6.02759504318237	NA	6.256409212294437	NA	4.906564780296345	NA	NA	NA	NA	NA	NA	NA	NA	NA	NA	NA	NA	NA	NA	NA	NA	NA	NA	NA	NA	NA	NA	NA	NA	NA	NA	NA	NA	NA	NA	NA	NA
SEPT6	7.35887093969	FALSE	TRUE	FALSE	TRUE	7.49104398488998	5.9772025346756	NA	7.03412699699402	NA	18.775548808206228	NA	4.4129587997593	NA	NA	NA	NA	NA	NA	NA	NA	NA	NA	NA	NA	NA	NA	NA	NA	NA	NA	NA	NA	NA	NA	NA	NA	NA	NA	NA	NA	NA	NA	NA	NA
SETDB1	6.45680614923	FALSE	TRUE	FALSE	TRUE	7.0829097032547	5.93026673793793	NA	6.30370759963989	NA	8.154796645937127	NA	2.3711188790818487	NA	NA	NA	NA	NA	NA	NA	NA	NA	NA	NA	NA	NA	NA	NA	NA	NA	NA	NA	NA	NA	NA	NA	NA	NA	NA	NA	NA	NA	NA	NA	NA
SF3A3	7.19810120932	TRUE	TRUE	FALSE	TRUE	7.17076420783997	6.66247451305389	NA	6.92612314224243	0.3797807322385803	7.441222076352419	NA	3.7784696153676833	NA	NA	NA	NA	NA	NA	NA	NA	NA	NA	NA	NA	NA	NA	NA	NA	NA	NA	NA	NA	NA	NA	NA	NA	NA	NA	NA	NA	NA	NA	NA	NA
SF3B3	8.8489984304	TRUE	TRUE	FALSE	TRUE	8.58822268247604	8.33789479732513	NA	8.64128351211548	2.946952132210651	5.77583595584123	NA	2.3473268745413307	NA	NA	NA	NA	NA	NA	NA	NA	NA	NA	NA	NA	NA	NA	NA	NA	NA	NA	NA	NA	NA	NA	NA	NA	NA	NA	NA	NA	NA	NA	NA	NA
SF3B5	8.65738991258	FALSE	TRUE	FALSE	TRUE	8.71737694740295	8.18192172050476	NA	8.30428504943848	NA	5.492050108362784	NA	4.078652650591892	NA	NA	NA	NA	NA	NA	NA	NA	NA	NA	NA	NA	NA	NA	NA	NA	NA	NA	NA	NA	NA	NA	NA	NA	NA	NA	NA	NA	NA	NA	NA	NA
SF3B6	9.10071489524	TRUE	TRUE	FALSE	TRUE	8.09891778230667	7.72499585151672	NA	8.0194251537323	11.007894703495282	15.116604130108833	NA	11.881371452183972	NA	NA	NA	NA	NA	NA	NA	NA	NA	NA	NA	NA	NA	NA	NA	NA	NA	NA	NA	NA	NA	NA	NA	NA	NA	NA	NA	NA	NA	NA	NA	NA
SKA2	7.60318122901	TRUE	TRUE	FALSE	TRUE	7.60066372156143	7.34707129001617	NA	7.53577351570129	0.03311123821386658	3.3684576400288893	NA	0.886572492202534	NA	NA	NA	NA	NA	NA	NA	NA	NA	NA	NA	NA	NA	NA	NA	NA	NA	NA	NA	NA	NA	NA	NA	NA	NA	NA	NA	NA	NA	NA	NA	NA
SLC2A3	7.52450253745	FALSE	TRUE	FALSE	TRUE	8.15777653455734	7.14740616083145	NA	7.07458567619324	NA	5.01157883516836	NA	5.979356894591914	NA	NA	NA	NA	NA	NA	NA	NA	NA	NA	NA	NA	NA	NA	NA	NA	NA	NA	NA	NA	NA	NA	NA	NA	NA	NA	NA	NA	NA	NA	NA	NA
SLC4A1AP	5.74523733213	TRUE	TRUE	FALSE	TRUE	5.29170048236847	5.50953805446625	NA	5.43629240989685	7.89413602159034	4.102515945609622	NA	5.377409223904277	NA	NA	NA	NA	NA	NA	NA	NA	NA	NA	NA	NA	NA	NA	NA	NA	NA	NA	NA	NA	NA	NA	NA	NA	NA	NA	NA	NA	NA	NA	NA	NA
SLC50A1	6.17971008387	FALSE	TRUE	FALSE	TRUE	7.03212738037109	5.26990735530853	NA	5.52337205410004	NA	14.722417657362207	NA	10.620854714254373	NA	NA	NA	NA	NA	NA	NA	NA	NA	NA	NA	NA	NA	NA	NA	NA	NA	NA	NA	NA	NA	NA	NA	NA	NA	NA	NA	NA	NA	NA	NA	NA
SLC5A6	6.1497471195	FALSE	TRUE	FALSE	TRUE	6.75445690751076	5.74235868453979	NA	5.96051287651062	NA	6.624474584791261	NA	3.077106087652677	NA	NA	NA	NA	NA	NA	NA	NA	NA	NA	NA	NA	NA	NA	NA	NA	NA	NA	NA	NA	NA	NA	NA	NA	NA	NA	NA	NA	NA	NA	NA	NA
SMARCE1	8.76470575419	TRUE	TRUE	FALSE	TRUE	8.45203626155853	7.92785155773163	NA	8.37346792221069	3.5673701023220135	9.548001038806225	NA	4.463787410002645	NA	NA	NA	NA	NA	NA	NA	NA	NA	NA	NA	NA	NA	NA	NA	NA	NA	NA	NA	NA	NA	NA	NA	NA	NA	NA	NA	NA	NA	NA	NA	NA
SMEK1	6.58901438523	FALSE	TRUE	FALSE	TRUE	7.05134177207947	6.43822169303894	NA	6.53145003318787	NA	2.288547017427638	NA	0.8736413168434822	NA	NA	NA	NA	NA	NA	NA	NA	NA	NA	NA	NA	NA	NA	NA	NA	NA	NA	NA	NA	NA	NA	NA	NA	NA	NA	NA	NA	NA	NA	NA	NA
SNHG15	7.07841770165	FALSE	TRUE	FALSE	TRUE	7.69742262363434	6.43393313884735	NA	6.60923671722412	NA	9.104924150667442	NA	6.6283314181432464	NA	NA	NA	NA	NA	NA	NA	NA	NA	NA	NA	NA	NA	NA	NA	NA	NA	NA	NA	NA	NA	NA	NA	NA	NA	NA	NA	NA	NA	NA	NA	NA
SNRPA1	6.74779018083	FALSE	TRUE	FALSE	TRUE	6.85172122716904	6.2945808172226	NA	6.69280457496643	NA	6.716411617168188	NA	0.8148683404498931	NA	NA	NA	NA	NA	NA	NA	NA	NA	NA	NA	NA	NA	NA	NA	NA	NA	NA	NA	NA	NA	NA	NA	NA	NA	NA	NA	NA	NA	NA	NA	NA
SNRPC	8.75628944095	TRUE	TRUE	FALSE	FALSE	8.37789177894592	8.21590459346771	NA	8.81934428215027	4.3214384877965815	6.171390874256685	NA	NA	NA	NA	NA	NA	NA	NA	NA	NA	NA	NA	NA	NA	NA	NA	NA	NA	NA	NA	NA	NA	NA	NA	NA	NA	NA	NA	NA	NA	NA	NA	NA	NA
SNRPD1	8.53900367427	TRUE	TRUE	FALSE	TRUE	8.05458873510361	7.44976997375488	NA	8.09408617019653	5.672967920438361	12.755981166716609	NA	5.210414716345782	NA	NA	NA	NA	NA	NA	NA	NA	NA	NA	NA	NA	NA	NA	NA	NA	NA	NA	NA	NA	NA	NA	NA	NA	NA	NA	NA	NA	NA	NA	NA	NA
SNW1	6.48928602263	FALSE	TRUE	FALSE	TRUE	6.84520173072815	6.3558247089386	NA	6.47588133811951	NA	2.05664094980529	NA	0.20656639981260833	NA	NA	NA	NA	NA	NA	NA	NA	NA	NA	NA	NA	NA	NA	NA	NA	NA	NA	NA	NA	NA	NA	NA	NA	NA	NA	NA	NA	NA	NA	NA	NA
SNX8	6.34713411376	FALSE	TRUE	FALSE	TRUE	6.97787320613861	6.28700685501099	NA	6.33153295516968	NA	0.9473135067157304	NA	0.24579847078538755	NA	NA	NA	NA	NA	NA	NA	NA	NA	NA	NA	NA	NA	NA	NA	NA	NA	NA	NA	NA	NA	NA	NA	NA	NA	NA	NA	NA	NA	NA	NA	NA
SPDL1	5.82984955984	FALSE	TRUE	FALSE	TRUE	6.11859911680222	4.69600701332092	NA	5.43756365776062	NA	19.448916046303577	NA	6.728919812643443	NA	NA	NA	NA	NA	NA	NA	NA	NA	NA	NA	NA	NA	NA	NA	NA	NA	NA	NA	NA	NA	NA	NA	NA	NA	NA	NA	NA	NA	NA	NA	NA
SRP54	7.20838069361	TRUE	TRUE	FALSE	TRUE	6.56109744310379	6.09186446666718	NA	6.10691142082214	8.979593032315918	15.489140687763287	NA	15.280398186575761	NA	NA	NA	NA	NA	NA	NA	NA	NA	NA	NA	NA	NA	NA	NA	NA	NA	NA	NA	NA	NA	NA	NA	NA	NA	NA	NA	NA	NA	NA	NA	NA
SRP68	6.7592890159	FALSE	TRUE	FALSE	TRUE	6.90093225240707	6.57587945461273	NA	6.58942317962646	NA	2.7134445776150784	NA	2.5130725417120257	NA	NA	NA	NA	NA	NA	NA	NA	NA	NA	NA	NA	NA	NA	NA	NA	NA	NA	NA	NA	NA	NA	NA	NA	NA	NA	NA	NA	NA	NA	NA	NA
SS18	6.58300752721	FALSE	TRUE	FALSE	TRUE	6.90016430616379	6.26101875305176	NA	6.51004528999329	NA	4.891210785151655	NA	1.1083419989287697	NA	NA	NA	NA	NA	NA	NA	NA	NA	NA	NA	NA	NA	NA	NA	NA	NA	NA	NA	NA	NA	NA	NA	NA	NA	NA	NA	NA	NA	NA	NA	NA
SSB	7.89445401282	FALSE	TRUE	FALSE	TRUE	8.31866204738617	7.38610541820526	NA	7.61465072631836	NA	6.439312887113151	NA	3.5443019371226945	NA	NA	NA	NA	NA	NA	NA	NA	NA	NA	NA	NA	NA	NA	NA	NA	NA	NA	NA	NA	NA	NA	NA	NA	NA	NA	NA	NA	NA	NA	NA	NA
SSBP1	8.90992307712	TRUE	TRUE	FALSE	TRUE	8.20874798297882	8.48317861557007	NA	8.51100993156433	7.8695976168609505	4.789541479272443	NA	4.477178333672143	NA	NA	NA	NA	NA	NA	NA	NA	NA	NA	NA	NA	NA	NA	NA	NA	NA	NA	NA	NA	NA	NA	NA	NA	NA	NA	NA	NA	NA	NA	NA	NA
SSU72	7.98430451985	FALSE	TRUE	FALSE	TRUE	8.19014370441437	7.75872492790222	NA	7.73064970970154	NA	2.8252879306765	NA	3.176918033597568	NA	NA	NA	NA	NA	NA	NA	NA	NA	NA	NA	NA	NA	NA	NA	NA	NA	NA	NA	NA	NA	NA	NA	NA	NA	NA	NA	NA	NA	NA	NA	NA
STK19	6.00943675561	FALSE	TRUE	FALSE	TRUE	6.15127545595169	5.87090814113617	NA	5.93823003768921	NA	2.3051846638457283	NA	1.1849150064574143	NA	NA	NA	NA	NA	NA	NA	NA	NA	NA	NA	NA	NA	NA	NA	NA	NA	NA	NA	NA	NA	NA	NA	NA	NA	NA	NA	NA	NA	NA	NA	NA
STOML2	7.8745510869	TRUE	TRUE	FALSE	TRUE	7.81083261966705	7.29654741287231	NA	7.64498329162598	0.8091695200117747	7.340147617928973	NA	2.915312793588021	NA	NA	NA	NA	NA	NA	NA	NA	NA	NA	NA	NA	NA	NA	NA	NA	NA	NA	NA	NA	NA	NA	NA	NA	NA	NA	NA	NA	NA	NA	NA	NA
STRA6	5.75328361646	FALSE	TRUE	FALSE	TRUE	8.56061346083879	3.35275176167488	NA	5.41871064901352	NA	41.724552704428795	NA	5.815339374010262	NA	NA	NA	NA	NA	NA	NA	NA	NA	NA	NA	NA	NA	NA	NA	NA	NA	NA	NA	NA	NA	NA	NA	NA	NA	NA	NA	NA	NA	NA	NA	NA
STX4	7.0950804919	FALSE	TRUE	FALSE	TRUE	7.4476312994957	6.68188571929932	NA	6.84889340400696	NA	5.823679845103917	NA	3.4698279769214233	NA	NA	NA	NA	NA	NA	NA	NA	NA	NA	NA	NA	NA	NA	NA	NA	NA	NA	NA	NA	NA	NA	NA	NA	NA	NA	NA	NA	NA	NA	NA	NA
SUPT16H	7.72478667745	TRUE	TRUE	FALSE	TRUE	7.64260053634644	6.96523547172546	NA	7.2892005443573	1.0639276466167762	9.832649592017889	NA	5.638811157908763	NA	NA	NA	NA	NA	NA	NA	NA	NA	NA	NA	NA	NA	NA	NA	NA	NA	NA	NA	NA	NA	NA	NA	NA	NA	NA	NA	NA	NA	NA	NA	NA
SUPT6H	6.39951292418	FALSE	TRUE	FALSE	TRUE	6.53565186262131	6.22398197650909	NA	6.27772045135498	NA	2.7428798058627493	NA	1.9031522284272284	NA	NA	NA	NA	NA	NA	NA	NA	NA	NA	NA	NA	NA	NA	NA	NA	NA	NA	NA	NA	NA	NA	NA	NA	NA	NA	NA	NA	NA	NA	NA	NA
SUPT7L	6.08321336825	FALSE	TRUE	FALSE	TRUE	6.45707869529724	5.82610499858856	NA	5.8848443031311	NA	4.226522301574373	NA	3.260925650812183	NA	NA	NA	NA	NA	NA	NA	NA	NA	NA	NA	NA	NA	NA	NA	NA	NA	NA	NA	NA	NA	NA	NA	NA	NA	NA	NA	NA	NA	NA	NA	NA
SYNCRIP	7.50755681372	TRUE	TRUE	FALSE	TRUE	7.29260241985321	6.83078622817993	NA	7.2189245223999	2.8631737221616884	9.014524995712017	NA	3.844556870920072	NA	NA	NA	NA	NA	NA	NA	NA	NA	NA	NA	NA	NA	NA	NA	NA	NA	NA	NA	NA	NA	NA	NA	NA	NA	NA	NA	NA	NA	NA	NA	NA
TAF11	6.47816289274	TRUE	TRUE	FALSE	TRUE	6.40391755104065	5.61977469921112	NA	6.10634660720825	1.1460863662838103	13.25048795069457	NA	5.7395328226222935	NA	NA	NA	NA	NA	NA	NA	NA	NA	NA	NA	NA	NA	NA	NA	NA	NA	NA	NA	NA	NA	NA	NA	NA	NA	NA	NA	NA	NA	NA	NA	NA
TAF15	7.9233869155	TRUE	TRUE	FALSE	FALSE	7.88672858476639	7.88368892669678	NA	8.09996438026428	0.46265985902945217	0.5010229744752399	NA	NA	NA	NA	NA	NA	NA	NA	NA	NA	NA	NA	NA	NA	NA	NA	NA	NA	NA	NA	NA	NA	NA	NA	NA	NA	NA	NA	NA	NA	NA	NA	NA	NA
TARS2	6.33931557241	TRUE	TRUE	FALSE	TRUE	5.86779126524925	5.57930171489716	NA	5.6606912612915	7.4380948822444015	11.98889452389113	NA	10.705009134929517	NA	NA	NA	NA	NA	NA	NA	NA	NA	NA	NA	NA	NA	NA	NA	NA	NA	NA	NA	NA	NA	NA	NA	NA	NA	NA	NA	NA	NA	NA	NA	NA
TBRG4	7.13000418419	TRUE	TRUE	FALSE	TRUE	6.7227401137352	6.59433794021606	NA	6.62520313262939	5.711975195720967	7.512846137758526	NA	7.079954492592731	NA	NA	NA	NA	NA	NA	NA	NA	NA	NA	NA	NA	NA	NA	NA	NA	NA	NA	NA	NA	NA	NA	NA	NA	NA	NA	NA	NA	NA	NA	NA	NA
TCOF1	6.74631276643	TRUE	TRUE	FALSE	TRUE	5.94808614253998	4.7905740737915	NA	5.51226961612701	11.832042947401385	28.989742402254993	NA	18.292112936768255	NA	NA	NA	NA	NA	NA	NA	NA	NA	NA	NA	NA	NA	NA	NA	NA	NA	NA	NA	NA	NA	NA	NA	NA	NA	NA	NA	NA	NA	NA	NA	NA
TES	5.82731094395	FALSE	TRUE	FALSE	TRUE	9.79785895347595	4.29811197519302	NA	5.81767159700394	NA	26.241931887033015	NA	0.16541672546351938	NA	NA	NA	NA	NA	NA	NA	NA	NA	NA	NA	NA	NA	NA	NA	NA	NA	NA	NA	NA	NA	NA	NA	NA	NA	NA	NA	NA	NA	NA	NA	NA
TFPT	6.9501184295	TRUE	TRUE	FALSE	TRUE	6.60606873035431	6.46489799022675	NA	6.49822735786438	4.950271029704471	6.981470088534262	NA	6.501919013603478	NA	NA	NA	NA	NA	NA	NA	NA	NA	NA	NA	NA	NA	NA	NA	NA	NA	NA	NA	NA	NA	NA	NA	NA	NA	NA	NA	NA	NA	NA	NA	NA
THOC3	7.33109608376	TRUE	TRUE	FALSE	TRUE	6.64206957817078	6.29246044158936	NA	6.94788765907288	9.39868333079915	14.167535526801348	NA	5.227164128103727	NA	NA	NA	NA	NA	NA	NA	NA	NA	NA	NA	NA	NA	NA	NA	NA	NA	NA	NA	NA	NA	NA	NA	NA	NA	NA	NA	NA	NA	NA	NA	NA
TIMM44	6.80064109733	FALSE	TRUE	FALSE	TRUE	7.54138475656509	6.55092442035675	NA	6.64880633354187	NA	3.6719578845484357	NA	2.232653680955778	NA	NA	NA	NA	NA	NA	NA	NA	NA	NA	NA	NA	NA	NA	NA	NA	NA	NA	NA	NA	NA	NA	NA	NA	NA	NA	NA	NA	NA	NA	NA	NA
TIMM9	7.77945672463	TRUE	TRUE	FALSE	TRUE	7.16631978750229	6.63903832435608	NA	6.82717204093933	7.881487857455392	14.659357852886053	NA	12.241017816523193	NA	NA	NA	NA	NA	NA	NA	NA	NA	NA	NA	NA	NA	NA	NA	NA	NA	NA	NA	NA	NA	NA	NA	NA	NA	NA	NA	NA	NA	NA	NA	NA
TM2D2	6.56651075586	FALSE	TRUE	FALSE	TRUE	7.18236631155014	6.41002380847931	NA	6.44024753570557	NA	2.3831065416445165	NA	1.9228358080697925	NA	NA	NA	NA	NA	NA	NA	NA	NA	NA	NA	NA	NA	NA	NA	NA	NA	NA	NA	NA	NA	NA	NA	NA	NA	NA	NA	NA	NA	NA	NA	NA
TMEM11	5.75542173473	FALSE	TRUE	FALSE	TRUE	6.45374488830566	5.4175660610199	NA	5.45892548561096	NA	5.870215759713552	NA	5.151599010197449	NA	NA	NA	NA	NA	NA	NA	NA	NA	NA	NA	NA	NA	NA	NA	NA	NA	NA	NA	NA	NA	NA	NA	NA	NA	NA	NA	NA	NA	NA	NA	NA
TMEM18	6.66106547981	TRUE	TRUE	FALSE	TRUE	6.44060087203979	5.6045618057251	NA	5.83758759498596	3.3097498956953553	15.860881075065421	NA	12.362555019464079	NA	NA	NA	NA	NA	NA	NA	NA	NA	NA	NA	NA	NA	NA	NA	NA	NA	NA	NA	NA	NA	NA	NA	NA	NA	NA	NA	NA	NA	NA	NA	NA
TMEM214	6.98116766711	FALSE	TRUE	FALSE	TRUE	7.38302981853485	6.33733534812927	NA	6.56064820289612	NA	9.222415929271875	NA	6.023626480066524	NA	NA	NA	NA	NA	NA	NA	NA	NA	NA	NA	NA	NA	NA	NA	NA	NA	NA	NA	NA	NA	NA	NA	NA	NA	NA	NA	NA	NA	NA	NA	NA
TOMM40	6.85412035609	FALSE	TRUE	FALSE	TRUE	7.06427782773972	6.56925129890442	NA	6.74637150764465	NA	4.156172380785076	NA	1.5720302948811473	NA	NA	NA	NA	NA	NA	NA	NA	NA	NA	NA	NA	NA	NA	NA	NA	NA	NA	NA	NA	NA	NA	NA	NA	NA	NA	NA	NA	NA	NA	NA	NA
TOMM6	9.10192316062	TRUE	TRUE	FALSE	TRUE	8.72471678256989	8.53271722793579	NA	8.95510387420654	4.144249203092758	6.253688617663941	NA	1.6130578540663025	NA	NA	NA	NA	NA	NA	NA	NA	NA	NA	NA	NA	NA	NA	NA	NA	NA	NA	NA	NA	NA	NA	NA	NA	NA	NA	NA	NA	NA	NA	NA	NA
TOP3A	6.18229502503	FALSE	TRUE	FALSE	TRUE	6.33026117086411	5.38314539194107	NA	5.58923053741455	NA	12.926423437468557	NA	9.592950275170221	NA	NA	NA	NA	NA	NA	NA	NA	NA	NA	NA	NA	NA	NA	NA	NA	NA	NA	NA	NA	NA	NA	NA	NA	NA	NA	NA	NA	NA	NA	NA	NA
TOX4	6.74658149979	FALSE	TRUE	FALSE	TRUE	6.79001116752625	6.39155256748199	NA	6.42085933685303	NA	5.262352975637532	NA	4.827958617962432	NA	NA	NA	NA	NA	NA	NA	NA	NA	NA	NA	NA	NA	NA	NA	NA	NA	NA	NA	NA	NA	NA	NA	NA	NA	NA	NA	NA	NA	NA	NA	NA
TRA2A	7.54218064989	FALSE	TRUE	FALSE	TRUE	7.9682981967926	7.09679901599884	NA	7.22691369056702	NA	5.905210370394073	NA	4.1800504914659875	NA	NA	NA	NA	NA	NA	NA	NA	NA	NA	NA	NA	NA	NA	NA	NA	NA	NA	NA	NA	NA	NA	NA	NA	NA	NA	NA	NA	NA	NA	NA	NA
TRAPPC2B	5.90496571868	TRUE	TRUE	FALSE	TRUE	5.18459641933441	5.12458109855652	NA	5.11697864532471	12.199381565700634	13.215734981403534	NA	13.344481761554364	NA	NA	NA	NA	NA	NA	NA	NA	NA	NA	NA	NA	NA	NA	NA	NA	NA	NA	NA	NA	NA	NA	NA	NA	NA	NA	NA	NA	NA	NA	NA	NA
TRIM28	10.0992952043	TRUE	TRUE	FALSE	FALSE	10.0130794644356	9.68138909339905	NA	10.2210941314697	0.8536807581155945	4.137973021355174	NA	NA	NA	NA	NA	NA	NA	NA	NA	NA	NA	NA	NA	NA	NA	NA	NA	NA	NA	NA	NA	NA	NA	NA	NA	NA	NA	NA	NA	NA	NA	NA	NA	NA
TRIP12	6.88007325388	FALSE	TRUE	FALSE	TRUE	7.02374845743179	6.62750327587128	NA	6.69103860855103	NA	3.6710361748878677	NA	2.7475673347280796	NA	NA	NA	NA	NA	NA	NA	NA	NA	NA	NA	NA	NA	NA	NA	NA	NA	NA	NA	NA	NA	NA	NA	NA	NA	NA	NA	NA	NA	NA	NA	NA
TWIST1	6.18467702068	FALSE	TRUE	FALSE	TRUE	10.4542743265629	4.25628075003624	NA	4.79968842864037	NA	31.18022597131086	NA	22.39387097189679	NA	NA	NA	NA	NA	NA	NA	NA	NA	NA	NA	NA	NA	NA	NA	NA	NA	NA	NA	NA	NA	NA	NA	NA	NA	NA	NA	NA	NA	NA	NA	NA
TXNDC5	7.93563653784	FALSE	TRUE	FALSE	TRUE	9.10647642612457	7.34967935085297	NA	7.8751540184021	NA	7.383871277281577	NA	0.7621634275901817	NA	NA	NA	NA	NA	NA	NA	NA	NA	NA	NA	NA	NA	NA	NA	NA	NA	NA	NA	NA	NA	NA	NA	NA	NA	NA	NA	NA	NA	NA	NA	NA
TXNDC9	6.07017462515	TRUE	TRUE	FALSE	TRUE	5.64675164222717	5.38215136528015	NA	5.57755279541016	6.975466260369183	11.33448874797154	NA	8.11544741561149	NA	NA	NA	NA	NA	NA	NA	NA	NA	NA	NA	NA	NA	NA	NA	NA	NA	NA	NA	NA	NA	NA	NA	NA	NA	NA	NA	NA	NA	NA	NA	NA
U2AF2	8.54947665481	TRUE	TRUE	FALSE	TRUE	8.44036269187927	8.31425511837006	NA	8.45757460594177	1.2762648210676295	2.751297487988381	NA	1.0749435617971403	NA	NA	NA	NA	NA	NA	NA	NA	NA	NA	NA	NA	NA	NA	NA	NA	NA	NA	NA	NA	NA	NA	NA	NA	NA	NA	NA	NA	NA	NA	NA	NA
UBE2M	8.0944472217	TRUE	TRUE	FALSE	TRUE	7.40983444452286	7.72278082370758	NA	7.55363869667053	8.457807660315517	4.591621735404462	NA	6.681228627689897	NA	NA	NA	NA	NA	NA	NA	NA	NA	NA	NA	NA	NA	NA	NA	NA	NA	NA	NA	NA	NA	NA	NA	NA	NA	NA	NA	NA	NA	NA	NA	NA
UBE2S	9.18348651446	TRUE	TRUE	FALSE	TRUE	8.93581342697144	7.6718817949295	NA	8.78845405578613	2.6969396328788835	16.460030916911347	NA	4.301552118053056	NA	NA	NA	NA	NA	NA	NA	NA	NA	NA	NA	NA	NA	NA	NA	NA	NA	NA	NA	NA	NA	NA	NA	NA	NA	NA	NA	NA	NA	NA	NA	NA
UCHL5	6.26209484537	TRUE	TRUE	FALSE	TRUE	5.83369964361191	5.68770253658295	NA	5.76562333106995	6.8410845305997325	9.172526494256754	NA	7.928201768887706	NA	NA	NA	NA	NA	NA	NA	NA	NA	NA	NA	NA	NA	NA	NA	NA	NA	NA	NA	NA	NA	NA	NA	NA	NA	NA	NA	NA	NA	NA	NA	NA
UPF3B	6.36369674484	TRUE	TRUE	FALSE	TRUE	5.64590412378311	4.73999363183975	NA	5.11291253566742	11.279491305724338	25.515092533547083	NA	19.654993933939068	NA	NA	NA	NA	NA	NA	NA	NA	NA	NA	NA	NA	NA	NA	NA	NA	NA	NA	NA	NA	NA	NA	NA	NA	NA	NA	NA	NA	NA	NA	NA	NA
UTP11L	6.34234139743	FALSE	TRUE	FALSE	TRUE	6.80308431386948	5.83448541164398	NA	6.10432767868042	NA	8.007389605230175	NA	3.7527736814361115	NA	NA	NA	NA	NA	NA	NA	NA	NA	NA	NA	NA	NA	NA	NA	NA	NA	NA	NA	NA	NA	NA	NA	NA	NA	NA	NA	NA	NA	NA	NA	NA
UTP18	6.01234519042	FALSE	TRUE	FALSE	TRUE	6.32443523406982	5.9569376707077	NA	5.98380374908447	NA	0.9215625177440796	NA	0.47471394990771987	NA	NA	NA	NA	NA	NA	NA	NA	NA	NA	NA	NA	NA	NA	NA	NA	NA	NA	NA	NA	NA	NA	NA	NA	NA	NA	NA	NA	NA	NA	NA	NA
UTP6	6.82247523231	TRUE	TRUE	FALSE	TRUE	6.79194217920303	6.51287698745728	NA	6.54712176322937	0.44753629829788966	4.537916728323464	NA	4.035976089390642	NA	NA	NA	NA	NA	NA	NA	NA	NA	NA	NA	NA	NA	NA	NA	NA	NA	NA	NA	NA	NA	NA	NA	NA	NA	NA	NA	NA	NA	NA	NA	NA
VPS45	6.88141990809	TRUE	TRUE	FALSE	TRUE	6.61664938926697	6.40245521068573	NA	6.49854111671448	3.847614625460617	6.960259710952747	NA	5.56395041269602	NA	NA	NA	NA	NA	NA	NA	NA	NA	NA	NA	NA	NA	NA	NA	NA	NA	NA	NA	NA	NA	NA	NA	NA	NA	NA	NA	NA	NA	NA	NA	NA
WDR12	6.74308405555	FALSE	TRUE	FALSE	TRUE	7.41629189252853	6.32670366764069	NA	6.43196725845337	NA	6.174925071067472	NA	4.61386502872614	NA	NA	NA	NA	NA	NA	NA	NA	NA	NA	NA	NA	NA	NA	NA	NA	NA	NA	NA	NA	NA	NA	NA	NA	NA	NA	NA	NA	NA	NA	NA	NA
WDR43	6.27928556085	TRUE	TRUE	FALSE	TRUE	6.13359037041664	5.13832318782806	NA	5.37870240211487	2.3202510703086663	18.17025777798028	NA	14.342127778836385	NA	NA	NA	NA	NA	NA	NA	NA	NA	NA	NA	NA	NA	NA	NA	NA	NA	NA	NA	NA	NA	NA	NA	NA	NA	NA	NA	NA	NA	NA	NA	NA
WDR46	7.09761079663	FALSE	TRUE	FALSE	TRUE	7.24009746313095	6.32695055007935	NA	6.42812943458557	NA	10.858023476245908	NA	9.432489061844645	NA	NA	NA	NA	NA	NA	NA	NA	NA	NA	NA	NA	NA	NA	NA	NA	NA	NA	NA	NA	NA	NA	NA	NA	NA	NA	NA	NA	NA	NA	NA	NA
WDR74	6.75462031167	FALSE	TRUE	FALSE	TRUE	6.85750210285187	6.59043645858765	NA	6.58519220352173	NA	2.430689594775425	NA	2.508329118892853	NA	NA	NA	NA	NA	NA	NA	NA	NA	NA	NA	NA	NA	NA	NA	NA	NA	NA	NA	NA	NA	NA	NA	NA	NA	NA	NA	NA	NA	NA	NA	NA
WDR75	5.88044064789	FALSE	TRUE	FALSE	TRUE	6.41533643007278	5.37483304738998	NA	5.65303421020508	NA	8.59812437153738	NA	3.867166617292834	NA	NA	NA	NA	NA	NA	NA	NA	NA	NA	NA	NA	NA	NA	NA	NA	NA	NA	NA	NA	NA	NA	NA	NA	NA	NA	NA	NA	NA	NA	NA	NA
WRNIP1	6.44145028022	FALSE	TRUE	FALSE	TRUE	7.29735642671585	6.22648870944977	NA	6.28593349456787	NA	3.3371610649595542	NA	2.4143132196437302	NA	NA	NA	NA	NA	NA	NA	NA	NA	NA	NA	NA	NA	NA	NA	NA	NA	NA	NA	NA	NA	NA	NA	NA	NA	NA	NA	NA	NA	NA	NA	NA
WT1	5.97223312381	TRUE	TRUE	FALSE	TRUE	4.6227777544409	0.277918633073568	NA	1.23948626220226	22.595490520775442	95.34648719646313	NA	79.24584930784604	NA	NA	NA	NA	NA	NA	NA	NA	NA	NA	NA	NA	NA	NA	NA	NA	NA	NA	NA	NA	NA	NA	NA	NA	NA	NA	NA	NA	NA	NA	NA	NA
YAE1D1	6.32517051238	TRUE	TRUE	FALSE	TRUE	6.0530366897583	6.14565634727478	NA	6.12977147102356	4.302395043565439	2.8380921076177104	NA	3.089229625889034	NA	NA	NA	NA	NA	NA	NA	NA	NA	NA	NA	NA	NA	NA	NA	NA	NA	NA	NA	NA	NA	NA	NA	NA	NA	NA	NA	NA	NA	NA	NA	NA
YKT6	7.98766194203	TRUE	TRUE	FALSE	TRUE	7.48019516468048	7.63289952278137	NA	7.60954475402832	6.353132882092795	4.441379991082467	NA	4.7337655342181915	NA	NA	NA	NA	NA	NA	NA	NA	NA	NA	NA	NA	NA	NA	NA	NA	NA	NA	NA	NA	NA	NA	NA	NA	NA	NA	NA	NA	NA	NA	NA	NA
YY1	6.60614607807	FALSE	TRUE	FALSE	TRUE	6.71981239318848	6.1165965795517	NA	6.38705730438232	NA	7.410515794427039	NA	3.316438527070652	NA	NA	NA	NA	NA	NA	NA	NA	NA	NA	NA	NA	NA	NA	NA	NA	NA	NA	NA	NA	NA	NA	NA	NA	NA	NA	NA	NA	NA	NA	NA	NA
ZBTB8OS	6.37799132691	FALSE	TRUE	FALSE	TRUE	6.73069852590561	6.11108899116516	NA	6.15428495407104	NA	4.184739709800583	NA	3.5074737699171736	NA	NA	NA	NA	NA	NA	NA	NA	NA	NA	NA	NA	NA	NA	NA	NA	NA	NA	NA	NA	NA	NA	NA	NA	NA	NA	NA	NA	NA	NA	NA	NA
ZC3H18	5.97590527352	FALSE	TRUE	FALSE	TRUE	6.00779592990875	5.77554500102997	NA	5.81392359733582	NA	3.3528020160870273	NA	2.710579715879052	NA	NA	NA	NA	NA	NA	NA	NA	NA	NA	NA	NA	NA	NA	NA	NA	NA	NA	NA	NA	NA	NA	NA	NA	NA	NA	NA	NA	NA	NA	NA	NA
ZMIZ2	7.25898994729	FALSE	TRUE	FALSE	TRUE	7.49439203739166	7.08994364738464	NA	7.11099624633789	NA	2.3287854251467865	NA	2.0387643739245114	NA	NA	NA	NA	NA	NA	NA	NA	NA	NA	NA	NA	NA	NA	NA	NA	NA	NA	NA	NA	NA	NA	NA	NA	NA	NA	NA	NA	NA	NA	NA	NA
ZNF274	6.33539035469	TRUE	TRUE	FALSE	TRUE	5.55702868103981	5.51904344558716	NA	5.46700012683868	12.285930780476376	12.88550291930331	NA	13.70697272360595	NA	NA	NA	NA	NA	NA	NA	NA	NA	NA	NA	NA	NA	NA	NA	NA	NA	NA	NA	NA	NA	NA	NA	NA	NA	NA	NA	NA	NA	NA	NA	NA
ZNF444	6.11977116195	TRUE	TRUE	FALSE	FALSE	6.10351592302322	6.09663724899292	NA	6.22656035423279	0.26561841115641105	0.3780192485123717	NA	NA	NA	NA	NA	NA	NA	NA	NA	NA	NA	NA	NA	NA	NA	NA	NA	NA	NA	NA	NA	NA	NA	NA	NA	NA	NA	NA	NA	NA	NA	NA	NA	NA
ZNF544	6.21451341008	TRUE	TRUE	FALSE	TRUE	5.62364408373833	5.45507657527924	NA	5.67543208599091	9.507893657181189	12.220374865857499	NA	8.67455404013925	NA	NA	NA	NA	NA	NA	NA	NA	NA	NA	NA	NA	NA	NA	NA	NA	NA	NA	NA	NA	NA	NA	NA	NA	NA	NA	NA	NA	NA	NA	NA	NA
ZNF580	6.7754456741	TRUE	TRUE	FALSE	FALSE	6.33517128229141	6.56243455410004	NA	6.94715905189514	6.498087550042578	3.143868761493019	NA	NA	NA	NA	NA	NA	NA	NA	NA	NA	NA	NA	NA	NA	NA	NA	NA	NA	NA	NA	NA	NA	NA	NA	NA	NA	NA	NA	NA	NA	NA	NA	NA	NA
ZNF787	5.92076967302	TRUE	TRUE	FALSE	TRUE	5.77666032314301	5.61938273906708	NA	5.62626051902771	2.433963113506562	5.090333699793988	NA	4.974170086945297	NA	NA	NA	NA	NA	NA	NA	NA	NA	NA	NA	NA	NA	NA	NA	NA	NA	NA	NA	NA	NA	NA	NA	NA	NA	NA	NA	NA	NA	NA	NA	NA
ZNF814	6.55933884761	TRUE	TRUE	FALSE	TRUE	6.21747174859047	5.39718222618103	NA	5.81232273578644	5.211913989534094	17.717587830554297	NA	11.388588532756588	NA	NA	NA	NA	NA	NA	NA	NA	NA	NA	NA	NA	NA	NA	NA	NA	NA	NA	NA	NA	NA	NA	NA	NA	NA	NA	NA	NA	NA	NA	NA	NA
ZPR1	7.22032995488	TRUE	TRUE	FALSE	TRUE	6.49915415048599	6.26332890987396	NA	6.33191514015198	9.988128089722409	13.25425639806437	NA	12.304352021025961	NA	NA	NA	NA	NA	NA	NA	NA	NA	NA	NA	NA	NA	NA	NA	NA	NA	NA	NA	NA	NA	NA	NA	NA	NA	NA	NA	NA	NA	NA	NA	NA
